wavelength,flux
7301.2964544517945,6.028472900390625e-17
7302.980117288253,7.656726837158203e-17
7304.660158267028,1.2154192924499513e-16
7306.340585737024,1.346248722076416e-16
7308.025411739015,9.38279151916504e-17
7309.7066133811495,5.667054653167725e-17
7311.392215581681,5.59578561782837e-17
7313.074191752615,5.955924510955811e-17
7314.760570509281,7.711115837097168e-17
7316.44332156584,2.125020980834961e-16
7318.126459737067,3.386272048950196e-16
7319.814003535572,2.5857629776000977e-16
7321.497917127757,9.857955932617189e-17
7323.18623837689,5.663554668426514e-17
7324.870927747269,5.587499618530274e-17
7326.5600268052,5.760376930236817e-17
7328.245492311174,8.018625259399414e-17
7329.9313455562715,1.5975412368774416e-16
7331.621611535374,1.9137493133544923e-16
7333.308241452262,1.2872859001159668e-16
7334.9992861361,7.133102416992188e-17
7336.686693082591,6.08435344696045e-17
7338.378516829913,6.249168395996094e-17
7340.066701163984,1.309520721435547e-16
7341.755273862644,3.5232395172119145e-16
7343.4482664134985,4.152145004272461e-16
7345.137617036799,2.272332000732422e-16
7346.83138954852,8.192788124084473e-17
7348.521518454852,6.674044132232667e-17
7350.216071286766,6.571209907531739e-17
7351.906978834684,6.977513790130616e-17
7353.598275373663,7.041908264160157e-17
7355.293998894508,6.639038085937501e-17
7356.986074613,6.982413291931153e-17
7358.682579352868,1.1903952598571779e-16
7360.375434609841,1.7835697174072267e-16
7362.072720928639,1.5164935111999513e-16
7363.766356083226,8.331326484680177e-17
7365.460380856354,6.797538280487061e-17
7367.158839752526,7.047702312469483e-17
7368.853644962064,1.4832201957702638e-16
7370.552886337444,3.112285041809082e-16
7372.24847234294,3.0743503570556644e-16
7373.948496558015,1.564315700531006e-16
7375.644863719179,7.460290908813478e-17
7377.34162112738,6.707771301269532e-17
7379.042819811316,6.19166374206543e-17
7380.74035891485,5.980598449707032e-17
7382.442341340214,5.908502101898193e-17
7384.140662499208,5.993785381317139e-17
7385.843429027068,5.976528644561768e-17
7387.542532601815,5.89844560623169e-17
7389.2420270531065,5.987325668334961e-17
7390.945969944365,7.219253063201905e-17
7392.646247351945,1.1899861335754396e-16
7394.350975248886,1.4949224472045898e-16
7396.052035973461,1.13806791305542e-16
7397.757549237736,6.58772087097168e-17
7399.459393640182,6.145442008972168e-17
7401.161629549694,1.034604835510254e-16
7402.868321074963,2.071859359741211e-16
7404.571341203752,2.280645751953125e-16
7406.278819000998,1.2721489906311036e-16
7407.9826237103525,6.314362049102784e-17
7409.69088814181,5.555171966552735e-17
7411.395477793187,5.543238162994385e-17
7413.100459583174,6.167197704315187e-17
7414.80990417628,6.315555095672608e-17
7416.515671450568,6.198848247528077e-17
7418.225903583988,6.088195323944092e-17
7419.932456704451,5.896552085876465e-17
7421.643476741004,5.600928783416748e-17
7423.350816069681,5.637887954711914e-17
7425.058548169526,5.623243808746338e-17
7426.770750271449,5.5452718734741215e-17
7428.479269122664,5.940979480743409e-17
7430.192260035284,8.873934745788574e-17
7431.901566000322,1.0978231430053712e-16
7433.615346087044,8.871474266052247e-17
7435.32543952853,6.195930004119873e-17
7437.040009152925,6.659960269927978e-17
7438.75089043365,1.1313647270202638e-16
7440.462165300365,1.5061766624450684e-16
7442.177919442377,1.2240281105041505e-16
7443.889982692613,6.911325931549073e-17
7445.606527281744,5.664096832275391e-17
7447.319379278707,5.5184659957885745e-17
7449.036714679118,5.589627265930176e-17
7450.750355786184,5.4894733428955085e-17
7452.464391114134,5.4890909194946294e-17
7454.18291294291,5.672836303710938e-17
7455.897737926123,5.696290016174317e-17
7457.617051477092,5.670557498931886e-17
7459.332666479362,5.939069747924805e-17
7461.0527721172675,6.128441333770752e-17
7462.769177502556,6.467597007751465e-17
7464.485977744648,7.183326721191407e-17
7466.20727172475,7.887031555175782e-17
7467.924862895899,8.503107070922852e-17
7469.646949875322,8.349531173706055e-17
7471.365332339909,9.006978034973145e-17
7473.088212683987,1.1173598289489746e-16
7474.807386806562,1.2882490158081057e-16
7476.526956422884,1.1035373687744141e-16
7478.251027026075,8.376709938049317e-17
7479.971388847304,1.0352609634399415e-16
7481.696253729005,1.2905047416687013e-16
7483.417408120109,1.2822466850280764e-16
7485.143067646243,1.3406807899475098e-16
7486.86501497236,1.1226357460021974e-16
7488.587358430195,7.601869583129884e-17
7490.314210135452,6.483738899230957e-17
7492.037347076103,6.100662231445313e-17
7493.764994341122,6.903540134429932e-17
7495.488925130144,7.875377655029298e-17
7497.217368321439,7.080140113830567e-17
7498.942093324558,5.734901905059815e-17
7500.667215098399,5.817739963531494e-17
7502.396852391923,5.900791645050049e-17
7504.122768928546,5.995362758636476e-17
7505.853203065151,5.912866115570068e-17
7507.579914730705,5.639894485473634e-17
7509.311146077497,5.591022968292236e-17
7511.038653238296,5.581471920013428e-17
7512.766557809848,5.472892761230469e-17
7514.498985185078,5.3545083999633795e-17
7516.227685801447,5.984004020690919e-17
7517.960911305147,7.177348136901856e-17
7519.69040833307,7.882019519805909e-17
7521.424432332939,7.275690078735352e-17
7523.154726139323,1.0899470329284669e-16
7524.885417997523,2.263491821289063e-16
7526.6206399551465,2.6614591598510745e-16
7528.352129142266,1.5052958488464357e-16
7530.088150515822,8.264696121215821e-17
7531.820437399188,1.0820836067199708e-16
7533.557258556969,1.0770095825195313e-16
7535.290343504082,7.454419612884522e-17
7537.023827145108,5.828226566314698e-17
7538.761848193071,5.871179580688477e-17
7540.49613044919,6.600504398345948e-17
7542.234952202626,7.25395679473877e-17
7543.9700334417585,6.862174987792969e-17
7545.709656269552,5.916443824768066e-17
7547.445536859788,5.760234355926514e-17
7549.181816787072,5.726263523101808e-17
7550.922641440595,5.830838203430176e-17
7552.659721271219,5.864031791687013e-17
7554.401347921834,6.089917182922364e-17
7556.139228024313,6.179577827453614e-17
7557.881657041499,8.178089141845704e-17
7559.620337784518,9.589073181152344e-17
7561.359418508755,8.178608894348146e-17
7563.103051290338,6.28390121459961e-17
7564.842933208241,5.842163562774659e-17
7566.587369280621,5.871991634368897e-17
7568.328052761299,6.734287738800049e-17
7570.07329249455,7.77598524093628e-17
7571.8147779072815,1.2922149658203127e-16
7573.56082167165,1.96864070892334e-16
7575.303109385886,1.686849594116211e-16
7577.045797911122,9.170454978942872e-17
7578.79304793715,6.181801319122315e-17
7580.536539318162,5.537911415100098e-17
7582.284594301449,5.3608922958374027e-17
7584.028888908114,5.4807767868041994e-17
7585.777749219503,7.097346782684327e-17
7587.522847421867,1.0528660774230957e-16
7589.268347081778,9.753340721130371e-17
7591.01841560065,6.57417917251587e-17
7592.764719411428,5.767197132110596e-17
7594.515594186037,5.960694789886475e-17
7596.262702518152,5.72234582901001e-17
7598.014383919939,8.554634094238281e-17
7599.762297144034,1.6700088500976564e-16
7601.51061247327,1.903491020202637e-16
7603.263504031503,1.0674191474914552e-16
7605.012624808782,6.948670864105225e-17
7606.766323923323,7.425399780273438e-17
7608.516250519716,7.626928806304932e-17
7610.270757562608,6.860349655151368e-17
7612.021490349354,6.693756103515625e-17
7613.7726258898765,7.513359069824219e-17
7615.52834504132,6.62637996673584e-17
7617.280287329156,6.827113151550294e-17
7619.03681533958,9.752945899963379e-17
7620.789564746397,1.006865406036377e-16
7622.546901988443,8.914439201354981e-17
7624.300458886081,8.557894706726074e-17
7626.0544191871795,8.379039764404297e-17
7627.812970493032,9.071542739868165e-17
7629.5677388428085,1.540815830230713e-16
7631.327100312413,1.7527299880981445e-16
7633.082677083137,1.1099463462829591e-16
7634.842849089737,6.74345350265503e-17
7636.599234653847,6.175847053527832e-17
7638.356024272148,6.070075988769531e-17
7640.117412300962,6.307744979858399e-17
7641.875011271407,6.125545978546143e-17
7643.637210770852,6.332628726959229e-17
7645.39561946631,6.466575622558594e-17
7647.158630810228,5.893178462982178e-17
7648.9178496037375,5.945061683654786e-17
7650.677473103219,6.033709526062012e-17
7652.441702430921,6.380880355834961e-17
7654.202136588115,7.984366893768311e-17
7655.96717869543,8.209753036499024e-17
7657.7284238838065,6.534261226654054e-17
7659.494279145185,5.5302968025207526e-17
7661.256335738383,6.205318450927735e-17
7663.018797690385,9.615269660949708e-17
7664.785872900279,1.1404617309570313e-16
7666.549146817667,8.582995414733887e-17
7668.317036118272,6.108975887298585e-17
7670.081122375118,5.803465366363525e-17
7671.849826141486,5.5471043586730964e-17
7673.614725112034,5.392652034759522e-17
7675.380030095271,5.71455478668213e-17
7677.149955778055,5.4857645034790046e-17
7678.916074036461,5.166862010955811e-17
7680.686815123169,5.524899005889893e-17
7682.453747031419,6.074961185455323e-17
7684.225303897706,6.307836055755616e-17
7685.9930498306485,6.352808475494385e-17
7687.76120243122,6.667468547821045e-17
7689.533983185,7.028946876525879e-17
7691.302950372636,6.887136936187744e-17
7693.076547845669,7.196491718292237e-17
7694.846329995649,7.265548706054688e-17
7696.620744564198,6.711262702941895e-17
7698.391342051976,6.942638874053956e-17
7700.16234686338,9.155869483947755e-17
7701.937987293676,1.0005911827087403e-16
7703.709808006157,7.903654575347901e-17
7705.486266473157,6.224295616149903e-17
7707.2589034626,5.857496738433839e-17
7709.036180343174,5.747358322143555e-17
7710.809633985638,7.434010028839111e-17
7712.587729656829,2.144921875e-16
7714.362000328545,3.8764663696289065e-16
7716.136679168897,3.924870681762696e-16
7717.916003244942,4.1344631195068363e-16
7719.691499678995,4.181791687011719e-16
7721.471643488797,2.2157142639160158e-16
7723.247957893215,9.920993804931641e-17
7725.028921814427,1.1812868118286133e-16
7726.806054566049,1.5750174522399903e-16
7728.583596144726,1.469193172454834e-16
7730.365790452334,9.92570972442627e-17
7732.144150943574,6.624042987823487e-17
7733.927166307254,6.431338787078858e-17
7735.706346088328,7.619350910186768e-17
7737.490182886342,8.36746120452881e-17
7739.270182334698,7.56691837310791e-17
7741.050591269588,6.615324497222901e-17
7742.835660438736,6.505004882812501e-17
7744.616889607179,6.181223392486573e-17
7746.402781156848,6.127809047698976e-17
7748.184830936723,7.479438781738282e-17
7749.971545245782,1.969804573059082e-16
7751.7544160151465,5.09540023803711e-16
7753.5376969315885,5.281075286865235e-16
7755.325645599723,2.268243598937988e-16
7757.109748072839,7.697684764862061e-17
7758.898520448077,9.456662178039552e-17
7760.683444856355,1.8647314071655276e-16
7762.47304131818,2.3164104461669925e-16
7764.258788040286,1.3950353622436525e-16
7766.04494557108,6.346308708190918e-17
7767.835778383127,5.674503326416016e-17
7769.622758795848,5.842482089996339e-17
7771.414416643724,6.245213985443116e-17
7773.202220317474,8.665650367736817e-17
7774.994703581269,1.2306575775146484e-16
7776.783330895325,1.109333610534668e-16
7778.572369680744,7.050102710723878e-17
7780.366091289122,1.0277303695678711e-16
7782.15595428386,1.6733142852783203e-16
7783.950502258934,1.4429970741271974e-16
7785.741189842705,8.27884578704834e-17
7787.536564565179,6.909502983093262e-17
7789.328077117872,7.035696506500245e-17
7791.120001805673,7.888684272766114e-17
7792.916616870307,1.2734328269958498e-16
7794.709367096962,3.3256805419921877e-16
7796.506809861304,4.3545154571533204e-16
7798.3003860071385,2.566663932800293e-16
7800.0986568525095,8.134137153625489e-17
7801.893059298025,6.247535705566407e-17
7803.687874543464,5.637096405029297e-17
7805.487387731792,5.93111276626587e-17
7807.283029847765,7.814414501190186e-17
7809.083372070966,1.7198963165283205e-16
7810.87984143841,2.342051887512207e-16
7812.68101307842,1.5382694244384766e-16
7814.47831007845,8.167348861694337e-17
7816.276020544292,7.906397342681886e-17
7818.078436531286,7.591366291046143e-17
7819.876975201488,1.0236030578613282e-16
7821.680221560672,3.1109548568725586e-16
7823.479588816787,5.330819702148438e-16
7825.283665930714,3.7656726837158207e-16
7827.083862154471,1.1711979866027832e-16
7828.884472511003,6.769278049468994e-17
7830.689795979172,6.808504581451416e-17
7832.491235876042,6.479321956634521e-17
7834.297391055878,5.998299598693849e-17
7836.099660875254,6.152891159057617e-17
7837.906648149925,5.978691577911377e-17
7839.709748274153,6.414132595062257e-17
7841.513263199194,1.410397529602051e-16
7843.321498838604,2.056536865234375e-16
7845.125844642117,1.514823627471924e-16
7846.934913334829,6.906515121459961e-17
7848.740090399598,6.651427745819093e-17
7850.549992529398,9.884846687316895e-17
7852.356001238385,1.8279420852661134e-16
7854.166737189239,4.444831466674805e-16
7855.9735779255825,5.092520523071289e-16
7857.780834323262,2.8558431625366215e-16
7859.5928212286435,1.4197450637817384e-16
7861.400910228489,2.180942726135254e-16
7863.21373191538,2.2750688552856446e-16
7865.02265390097,1.3305400848388673e-16
7866.836310753952,7.301313400268555e-17
7868.646066109044,1.187034320831299e-16
7870.456237795976,1.9391744613647463e-16
7872.271147621404,2.7750984191894535e-16
7874.082153253575,2.2640953063964846e-16
7875.897899207099,9.759653091430665e-17
7877.709739168706,7.624394416809083e-17
7879.526321635529,1.4717248916625977e-16
7881.338996310948,2.0607189178466797e-16
7883.1520879897935,1.9407670974731446e-16
7884.969925450235,1.4253172874450685e-16
7886.783852419557,9.495583534240724e-17
7888.602527356855,1.0392087936401368e-16
7890.417290001472,2.434403800964356e-16
7892.236802801451,3.254887390136719e-16
7894.052401506358,2.0358171463012697e-16
7895.868417887362,9.354134559631348e-17
7897.689187705391,7.530888557434082e-17
7899.506040724281,6.983850955963136e-17
7901.327649370102,6.421233654022217e-17
7903.145339412316,6.127709865570069e-17
7904.967787272378,6.398983478546144e-17
7906.786314723532,6.598728656768799e-17
7908.605260524537,6.872509002685547e-17
7910.428967430348,7.353857994079591e-17
7912.248751218821,1.2877605438232422e-16
7914.073298305539,4.258612060546875e-16
7915.893920467541,6.248102569580078e-16
7917.719308122237,3.884241104125977e-16
7919.540769044005,1.3464446067810058e-16
7921.362648990465,2.2194156646728518e-16
7923.1892977218795,3.1069168090820315e-16
7925.012017007567,2.20533504486084e-16
7926.839507275186,8.677331924438477e-17
7928.663066286785,6.746518135070801e-17
7930.491398478304,1.0356894493103028e-16
7932.315797602674,2.1142965316772461e-16
7934.140616427666,2.2704957962036137e-16
7935.9702117301495,1.29076509475708e-16
7937.795871248309,6.497092247009277e-17
7939.626309444481,5.742289543151856e-17
7941.452810043115,5.868550300598144e-17
7943.284091521296,6.244643688201905e-17
7945.11143358789,6.426121711730957e-17
7946.9391960321245,7.156548023223877e-17
7948.771742658798,1.0113176345825197e-16
7950.600347152324,1.6624603271484377e-16
7952.4337380323595,1.6062307357788088e-16
7954.263184963109,8.585843086242676e-17
7956.097420485453,5.852035522460938e-17
7957.927710241536,5.4709262847900395e-17
7959.758421053372,5.341985225677491e-17
7961.593923765023,5.521706581115723e-17
7963.425477984461,9.471737861633301e-17
7965.261826311341,3.3220005035400394e-16
7967.094224326941,4.623875808715821e-16
7968.931418658623,2.7800230026245117e-16
7970.76466085912,1.1090817451477052e-16
7972.598324794577,7.256889343261719e-17
7974.436788359671,6.261684894561768e-17
7976.271297063233,6.81754207611084e-17
7978.110607607619,1.0923551559448243e-16
7979.945961468472,1.9661157608032227e-16
7981.786119382355,2.3898777008056643e-16
7983.6223187898595,1.5887245178222656e-16
7985.458940612626,7.073424339294434e-17
7987.3003698073235,5.982919216156006e-17
7989.137837760893,6.693527221679687e-17
7990.980115301147,7.380048751831056e-17
7992.818429775331,1.7769119262695313e-16
7994.661556051975,4.794098663330078e-16
7996.500717436766,4.597129058837891e-16
7998.344692840811,1.8208852767944338e-16
8000.18470152638,7.721997261047364e-17
8002.02513350353,7.129772186279298e-17
8003.8703828257185,6.781505107879639e-17
8005.711662689007,6.752385616302491e-17
8007.557762116685,5.998896598815918e-17
8009.399890256734,5.640722274780274e-17
8011.246840181541,5.839610576629639e-17
8013.089816989152,7.886579036712647e-17
8014.933217771153,1.579097080230713e-16
8016.781443669065,1.845067596435547e-16
8018.625693704934,1.142661952972412e-16
8020.474771079641,7.957039833068849e-17
8022.319870760626,8.473020553588868e-17
8024.169800004403,9.191299438476563e-17
8026.015749721937,2.26094970703125e-16
8027.862124097778,3.8340923309326175e-16
8029.713331372934,2.9039367675781254e-16
8031.560556372574,1.2430049896240235e-16
8033.4126164980435,8.015487670898439e-17
8035.260692513366,6.703238010406495e-17
8037.1136058820575,6.08786153793335e-17
8038.9625333051235,5.67209005355835e-17
8040.811886071513,5.67761516571045e-17
8042.666079533179,5.990902423858642e-17
8044.5162842955115,5.85723876953125e-17
8046.371331983226,5.4690594673156745e-17
8048.222389134015,5.2784051895141605e-17
8050.078291441319,6.130456924438477e-17
8051.930201373261,9.498988151550293e-17
8053.782537334649,1.3629508018493652e-16
8055.639721799848,1.1240909576416017e-16
8057.492911131535,6.511684417724609e-17
8059.350951200737,5.593310356140137e-17
8061.20499429587,7.918973445892335e-17
8063.063890363252,1.803213119506836e-16
8064.91878761516,2.123033905029297e-16
8066.774111583743,1.1859653472900392e-16
8068.634291877271,6.031861782073975e-17
8070.490470592727,5.3910503387451175e-17
8072.351507870434,5.1904721260070805e-17
8074.208541726544,5.154617309570313e-17
8076.070436383243,5.512711524963379e-17
8077.928325773971,6.190313339233399e-17
8079.786642569711,6.208519458770752e-17
8081.649823524143,5.737098693847657e-17
8083.508996445551,5.4801216125488285e-17
8085.373035766566,6.278300285339356e-17
8087.233065208057,6.874816417694092e-17
8089.097963291104,6.195475101470947e-17
8090.958849647277,5.2744078636169436e-17
8092.8201640979105,5.7740478515625e-17
8094.686350553621,8.107049942016602e-17
8096.54852251094,9.057661056518555e-17
8098.415568717865,6.698430061340332e-17
8100.278598576922,5.708251476287842e-17
8102.146504931151,7.819041252136231e-17
8104.01039308718,1.2334042549133301e-16
8105.874710028231,1.1831022262573243e-16
8107.7439068334,7.488813877105714e-17
8109.609082664381,5.975084304809571e-17
8111.479140607633,5.856676578521729e-17
8113.345175724235,5.727217674255371e-17
8115.216095202294,5.78731918334961e-17
8117.08299000039,5.808300018310548e-17
8118.950314275181,5.407734870910645e-17
8120.82252628581,5.2251987457275396e-17
8122.690710836009,5.426637172698975e-17
8124.563785373824,5.561347007751465e-17
8126.432830595761,5.571526527404786e-17
8128.306768058127,5.742830276489258e-17
8130.17667434831,5.776780605316163e-17
8132.051475132777,5.95261573791504e-17
8133.922242887902,6.05733346939087e-17
8135.793441010691,6.017970085144043e-17
8137.669537009145,6.327837944030762e-17
8139.541597192021,7.375998973846436e-17
8141.418557507012,7.990596294403077e-17
8143.291480147128,6.889482975006104e-17
8145.169305176846,5.83989429473877e-17
8147.043090671534,7.402941226959229e-17
8148.917307228112,9.055199623107911e-17
8150.79642956113,7.585893630981446e-17
8152.671509568388,5.840985774993896e-17
8154.551497612173,5.511745929718018e-17
8156.427441467901,5.4604167938232427e-17
8158.3082956212875,5.412258625030518e-17
8160.18510372346,5.692362308502198e-17
8162.062343582871,5.77190113067627e-17
8163.944497132239,5.704309463500977e-17
8165.822601835163,5.724170684814453e-17
8167.70562249178,5.979707717895508e-17
8169.5845924366495,6.015017986297607e-17
8171.4684805999905,6.072458267211915e-17
8173.348316185423,6.709465503692628e-17
8175.228584224562,7.294631481170655e-17
8177.1137738799425,7.687663555145264e-17
8178.994908157676,8.134322166442871e-17
8180.880966319038,9.642548561096192e-17
8182.76296723444,1.2606980323791504e-16
8184.649894301903,1.4804864883422853e-16
8186.532762254235,1.5501999855041504e-16
8188.416063357866,1.4754919052124024e-16
8190.304294016809,1.331848430633545e-16
8192.188462756365,1.353926944732666e-16
8194.077563322277,1.316508197784424e-16
8195.962600097479,1.5462255477905275e-16
8197.852570971127,1.5596114158630372e-16
8199.738476181876,1.407204055786133e-16
8201.624815242641,1.2028579711914064e-16
8203.516091810596,1.1607784271240235e-16
8205.403299906871,1.0909443855285645e-16
8207.295447785045,1.0240169525146485e-16
8209.183525317196,9.21410083770752e-17
8211.076544906999,8.892335891723634e-17
8212.965492275574,7.574840068817139e-17
8214.85487419401,7.439994812011719e-17
8216.749201584338,7.461767673492433e-17
8218.639453940128,7.021821022033692e-17
8220.534654046187,6.620358943939209e-17
8222.42577724034,6.217355251312256e-17
8224.321850464188,6.275808334350586e-17
8226.213844897902,6.366421222686769e-17
8228.106274582447,5.91035795211792e-17
8230.003657716437,5.30083703994751e-17
8231.896959242442,5.29106616973877e-17
8233.795216499942,5.4343843460083014e-17
8235.689390269063,5.2463698387146e-17
8237.58852205278,5.432827949523926e-17
8239.483568466858,5.385000705718995e-17
8241.379050833872,5.698866367340089e-17
8243.27949464075,6.216881275177002e-17
8245.175850255593,6.190314769744873e-17
8247.077169596034,6.026609897613525e-17
8248.974398861008,6.495274543762208e-17
8250.876594138366,6.502741813659669e-17
8252.774697455965,5.781834602355957e-17
8254.673237429737,5.492003440856934e-17
8256.576746846682,5.762804985046388e-17
8258.47616147692,5.521218299865723e-17
8260.380547839752,5.2992410659790044e-17
8262.28083752941,5.235376358032227e-17
8264.186101242136,5.344302654266358e-17
8266.087266394352,5.330825328826905e-17
8267.988868907114,5.3723449707031255e-17
8269.895448879268,5.249909400939942e-17
8271.797927459405,5.309451580047608e-17
8273.705385792051,5.358275890350342e-17
8275.608740843169,5.40221118927002e-17
8277.517077940962,7.553631782531739e-17
8279.42130986685,1.579855251312256e-16
8281.33052613464,2.540108108520508e-16
8283.235635339272,3.3477203369140626e-16
8285.141182811773,2.7665699005126954e-16
8287.051718069632,1.7663475036621096e-16
8288.958143426951,3.230057525634766e-16
8290.869558867496,4.480904388427735e-16
8292.776862514072,2.63298397064209e-16
8294.689158542806,9.069029808044434e-17
8296.597340883269,1.428031635284424e-16
8298.505962198573,3.1980381011962893e-16
8300.419579345038,5.113808059692383e-16
8302.329079961277,3.9250484466552735e-16
8304.243578710255,1.4408916473388674e-16
8306.153959032523,7.876970767974854e-17
8308.069339790167,6.262595653533937e-17
8309.980600223742,8.270623207092286e-17
8311.892300340269,1.7267730712890627e-16
8313.809004346745,1.8121469497680666e-16
8315.72158518261,8.884496688842774e-17
8317.639172213712,5.630552768707276e-17
8319.55263417466,6.54318380355835e-17
8321.471104637201,6.643379211425781e-17
8323.385448129167,5.5279064178466803e-17
8325.300232013338,5.0484743118286133e-17
8327.220027859246,4.8822550773620606e-17
8329.135693883445,4.695757865905762e-17
8331.056374178388,4.6565227508544923e-17
8332.972922749015,4.84300708770752e-17
8334.894487900461,4.936758041381836e-17
8336.811919424106,5.133642673492432e-17
8338.729792050355,6.28162431716919e-17
8340.652684723145,7.08047342300415e-17
8342.571440912403,1.0538645744323731e-16
8344.495219460936,5.086455154418945e-16
8346.414859620261,1.0753224182128907e-15
8348.33952445266,7.496432495117188e-16
8350.260048989296,1.6468427658081056e-16
8352.181015340077,1.5279109954833985e-16
8354.10700983525,3.605987930297852e-16
8356.028861174318,3.6410060882568364e-16
8357.955742974242,1.327104377746582e-16
8359.87847970931,5.795104026794434e-17
8361.806249222765,7.085109233856201e-17
8363.729871761738,9.692495346069336e-17
8365.653936827548,1.6195585250854492e-16
8367.583038148658,1.7596435546875e-16
8369.50798963033,1.0113730430603028e-16
8371.437979687506,5.653918743133545e-17
8373.363817993413,4.962418556213379e-17
8375.294697196092,5.040801525115967e-17
8377.221422734794,5.2197833061218265e-17
8379.148591514175,5.720059394836427e-17
8381.08080467285,8.901138305664063e-17
8383.008861297974,2.2849924087524414e-16
8384.941964626338,2.9306861877441406e-16
8386.870909506235,1.5238288879394532e-16
8388.804903414384,5.764069080352784e-17
8390.734736958273,5.762584209442139e-17
8392.665014457833,6.225965023040772e-17
8394.600344473785,6.102095127105713e-17
8396.531511251274,5.758672237396241e-17
8398.467732872849,1.9396129608154298e-16
8400.399789337956,7.207280731201173e-16
8402.336902975914,7.507473754882813e-16
8404.26984953852,2.2619461059570313e-16
8406.20324077294,5.915261268615723e-17
8408.141692673982,5.063980579376221e-17
8410.075974620828,5.0501728057861334e-17
8412.01531956574,5.007816791534424e-17
8413.950492635364,7.196531295776368e-17
8415.890731035573,2.3816638946533206e-16
8417.826795638512,3.427148818969727e-16
8419.763305630568,1.7131425857543947e-16
8421.704884452614,6.091243267059327e-17
8423.642286593906,5.655030727386475e-17
8425.584759900397,6.682670593261719e-17
8427.523054601936,7.761124610900879e-17
8429.466422804959,2.4230295181274416e-16
8431.405610477948,8.773377227783204e-16
8433.34987398978,8.071890258789063e-16
8435.289955045611,2.5225128173828126e-16
8437.23048241454,7.493834972381592e-17
8439.176089128974,5.387091636657715e-17
8441.117510497941,4.876084327697754e-17
8443.064013552468,4.724039554595948e-17
8445.00632933334,4.803989887237549e-17
8446.953729140901,4.989965438842774e-17
8448.896939745731,5.051045894622803e-17
8450.840597383609,6.762783527374268e-17
8452.789342560496,2.0952911376953127e-16
8454.733895640526,3.088855743408203e-16
8456.683538603393,1.6807065963745118e-16
8458.628987538104,6.080251693725587e-17
8460.57952870056,5.2988982200622563e-17
8462.525873902672,5.77055835723877e-17
8464.472666858941,1.378513526916504e-16
8466.424555560943,5.215591812133789e-16
8468.372245403803,5.826691818237306e-16
8470.325033340003,2.0741453170776368e-16
8472.273620482652,5.62190580368042e-17
8474.22730806733,5.3936443328857423e-17
8476.17679292315,6.291402339935303e-17
8478.126726255401,6.187857151031495e-17
8480.08176355334,5.034018993377686e-17
8482.032595218952,4.772624015808106e-17
8483.98853320165,4.532514572143555e-17
8485.940263614486,4.6951160430908205e-17
8487.897102696883,4.8068170547485357e-17
8489.849732270995,4.729935169219971e-17
8491.802811044974,5.475053787231446e-17
8493.761002017862,1.405006504058838e-16
8495.714980574307,2.2141290664672853e-16
8497.674073684846,1.4534173965454102e-16
8499.628952438285,6.232794761657716e-17
8501.588948102093,5.545156955718995e-17
8503.544727467246,8.992194175720216e-17
8505.500956756874,2.8272779464721683e-16
8507.462306491907,3.866404724121094e-16
8509.41943701544,1.9234970092773438e-16
8511.381690343369,5.651014804840088e-17
8513.339722516006,4.6695489883422855e-17
8515.30287985311,4.422677040100098e-17
8517.261814090241,4.4932117462158205e-17
8519.22119897762,4.5260977745056156e-17
8521.185712570208,4.9750852584838874e-17
8523.146000145274,5.5179190635681154e-17
8525.111418788343,4.976586341857911e-17
8527.072609466966,4.6442403793334966e-17
8529.03893357747,4.513335227966309e-17
8531.00102777571,4.455280303955078e-17
8532.96357335114,4.50878381729126e-17
8534.931255904907,4.507009029388428e-17
8536.894705624154,4.673151016235352e-17
8538.863294688339,8.316630363464357e-17
8540.827648967941,1.2255216598510743e-16
8542.797144960176,8.912221908569336e-17
8544.762404216863,4.5422015190124514e-17
8546.72811557886,4.648131847381592e-17
8548.698972205662,1.0768501281738282e-16
8550.665589169952,1.9971998214721682e-16
8552.637353769469,1.55509614944458e-16
8554.604876753261,6.801023006439209e-17
8556.577549743793,5.016655445098877e-17
8558.545979164492,4.573236465454102e-17
8560.514861419791,4.345476627349854e-17
8562.488897239735,4.505616664886475e-17
8564.458686558157,4.576937198638916e-17
8566.433631815467,4.464098930358887e-17
8568.404328614894,4.525687694549561e-17
8570.380183728546,4.425628185272217e-17
8572.351788427055,4.575138568878174e-17
8574.323846690633,4.9304833412170416e-17
8576.30106683208,4.6973404884338384e-17
8578.274033621965,4.809520721435547e-17
8580.252164667796,4.44973373413086e-17
8582.226040402546,3.902145147323609e-17
8584.20508277241,3.633509159088135e-17
8586.179867870775,3.684588432312012e-17
8588.159821984522,6.120393753051758e-17
8590.135516865445,9.136886596679688e-17
8592.11166625238,7.875916481018066e-17
8594.092988225731,5.1146016120910646e-17
8596.070048023752,5.579930782318116e-17
8598.052282791197,9.341255187988282e-17
8600.030253419729,1.0751060485839844e-16
8602.013401401793,6.837594509124756e-17
8603.992283280455,5.145096778869629e-17
8605.971620398293,5.0101161003112794e-17
8607.95613844646,5.1898522377014167e-17
8609.936387443971,6.085755825042724e-17
8611.921819758662,7.621593475341797e-17
8613.902981055946,9.879639625549318e-17
8615.889328058362,1.2697455406188966e-16
8617.871402075718,1.653248405456543e-16
8619.853932066595,1.9969598770141604e-16
8621.841651345172,2.383248519897461e-16
8623.825094686677,2.776757621765137e-16
8625.813729706582,3.2072322845458986e-16
8627.798086819494,3.5683185577392583e-16
8629.78763800261,3.8457397460937504e-16
8631.772909307903,3.8140029907226564e-16
8633.758637322251,3.76122055053711e-16
8635.74956299515,3.508469009399414e-16
8637.736205833453,3.126537895202637e-16
8639.728048724864,2.5724111557006837e-16
8641.71560680858,2.043971061706543e-16
8643.708367341067,1.5431312561035158e-16
8645.69684109185,9.376920700073242e-17
8647.685772288409,1.129292106628418e-16
8649.67990952787,1.7928878784179689e-16
8651.669757024085,2.8674448013305666e-16
8653.664812961626,3.2020984649658205e-16
8655.655577179641,3.2860549926757815e-16
8657.651552238507,3.7847778320312503e-16
8659.643233600653,3.408236312866211e-16
8661.635373146479,3.8976291656494144e-16
8663.632727133088,3.470075607299805e-16
8665.625784456659,3.193026351928711e-16
8667.624058623302,3.5833923339843754e-16
8669.618034147437,2.7425586700439454e-16
8671.617228918041,2.9885110855102543e-16
8673.612123065755,2.7242818832397463e-16
8675.607476136245,2.0025041580200197e-16
8677.608052058944,2.418025588989258e-16
8679.604324387648,1.7762413024902346e-16
8681.605821974726,1.499251174926758e-16
8683.603013985145,1.7377262115478516e-16
8685.605433661212,1.1847453117370606e-16
8687.603545777045,1.0937756538391114e-16
8689.602117555944,1.1779943466186524e-16
8691.605920612044,7.970631122589112e-17
8693.605413132012,8.142577171325684e-17
8695.610139339233,9.097884178161621e-17
8697.610553024459,6.701345443725586e-17
8699.61620280809,6.865936756134034e-17
8701.617538082952,8.385536193847657e-17
8703.619333762364,7.341886520385742e-17
8705.626369157562,5.961958408355713e-17
8707.629087063295,7.016856670379639e-17
8709.63704709875,7.845807552337647e-17
8711.640687655672,6.474287986755371e-17
8713.649572757362,5.1269459724426275e-17
8715.65413639054,4.730913639068604e-17
8717.659161170945,4.6782512664794926e-17
8719.669434119336,4.768624305725098e-17
8721.675382613708,4.6740021705627445e-17
8723.686581693893,4.7067685127258305e-17
8725.693454327786,4.78991985321045e-17
8727.705579966434,5.335697174072266e-17
8729.713377165597,5.282007217407227e-17
8731.721636255868,4.9218358993530274e-17
8733.735151979954,4.628562927246094e-17
8735.744336274236,4.67293119430542e-17
8737.758779624062,4.721476078033448e-17
8739.768889548595,5.1689920425415045e-17
8741.784260951517,5.841040134429932e-17
8743.79529693274,5.59784746170044e-17
8745.811596816311,5.180436134338379e-17
8747.823559280858,4.9910511970520024e-17
8749.835984594723,5.1065716743469244e-17
8751.853677447529,5.478216648101807e-17
8753.867029884785,5.344854831695557e-17
8755.88565228773,4.9548578262329106e-17
8757.899932275499,7.115989208221436e-17
8759.919484656828,2.1402677536010745e-16
8761.934692622432,5.070178604125977e-16
8763.95036418398,5.771039199829102e-16
8765.971311781545,3.3423343658447267e-16
8767.987911962025,4.835238265991212e-16
8770.00979060919,8.288403320312501e-16
8772.027319836418,4.717116165161133e-16
8774.050129962117,1.0763924598693849e-16
8776.068588664104,1.5431716918945314e-16
8778.087511709862,4.878170013427734e-16
8780.111719302422,7.99331283569336e-16
8782.13157246507,4.836081695556641e-16
8784.15671260911,1.0548296928405762e-16
8786.177496317152,5.220242500305176e-17
8788.203569442296,5.21337366104126e-17
8790.225284124435,8.518880844116212e-17
8792.247463899379,2.523127937316895e-16
8794.27493674564,2.866621589660645e-16
8796.298048137849,1.1416419982910157e-16
8798.326455039889,4.7846217155456544e-17
8800.350498478558,4.747140884399414e-17
8802.379839866695,4.6203451156616216e-17
8804.404815781216,4.704915523529053e-17
8806.430257538785,4.329864501953125e-17
8808.461000905934,4.315382480621338e-17
8810.48737578356,6.48390531539917e-17
8812.519054713217,8.194746017456055e-17
8814.546363140787,6.227020740509033e-17
8816.578978063964,4.669806003570557e-17
8818.607220471567,4.749461650848389e-17
8820.63592947367,5.002986431121826e-17
8822.669948637393,5.394829273223877e-17
8824.699592264771,8.950122833251954e-17
8826.734548500159,5.599837875366212e-16
8828.765127183395,1.5002656555175782e-15
8830.801020922154,1.276841049194336e-15
8832.832535092028,2.8952064514160157e-16
8834.864516609065,1.770299530029297e-16
8836.901816853555,4.2298828125e-16
8838.934734503515,6.378985977172852e-16
8840.972973331262,3.230753326416016e-16
8843.006827545418,7.046116828918457e-17
8845.046005388827,5.3229470252990725e-17
8847.080796598655,6.532168865203857e-17
8849.116055909528,9.323395729064942e-17
8851.156642527505,2.012145233154297e-16
8853.192839481379,2.0635866165161134e-16
8855.234366196642,8.498175621032716e-17
8857.271501225485,5.0927896499633794e-17
8859.31396847114,4.8856911659240726e-17
8861.352042007125,5.2253284454345706e-17
8863.39058439925,7.191883087158204e-17
8865.434462691968,8.446214675903321e-17
8867.473944239608,1.8965410232543946e-16
8869.518764146087,4.082999420166016e-16
8871.559185281907,3.2715503692626953e-16
8873.604947235948,7.958911895751954e-17
8875.646308392817,4.7607069015502936e-17
8877.68813916214,4.671251773834229e-17
8879.73531443941,4.710161685943604e-17
8881.778085879198,4.8684391975402834e-17
8883.826204289147,6.308304309844972e-17
8885.86991683277,4.461637496948243e-16
8887.9189788099,1.1340565490722656e-15
8889.963632890922,7.725040435791017e-16
8892.00875734193,1.4261695861816408e-16
8894.059234922122,5.88922929763794e-17
8896.105301560994,5.4505739212036134e-17
8898.156723795235,6.618364334106446e-17
8900.203733056038,6.393748283386231e-17
8902.25610037953,1.1199703216552735e-16
8904.30405269653,4.454367065429687e-16
8906.357365544674,5.118882751464844e-16
8908.406261352337,1.7533430099487306e-16
8910.455628505784,7.701439380645752e-17
8912.510359893724,7.152807712554933e-17
8914.560671189649,5.728165149688721e-17
8916.616349191365,6.11480188369751e-17
8918.667605064733,2.1455682754516604e-16
8920.72423011633,1.0604708099365234e-15
8922.776431002305,1.2492173767089844e-15
8924.829103994396,4.064688873291016e-16
8926.88714987404,8.087096214294434e-17
8928.940768531605,8.798334121704103e-17
8930.999762552008,8.902973175048829e-17
8933.054327310716,6.596958160400391e-17
8935.114269908689,6.672972202301026e-17
8937.169781204408,6.223069667816163e-17
8939.225765367799,5.981219291687012e-17
8941.287131085755,6.03489112854004e-17
8943.344062440076,1.925929641723633e-16
8945.406377828243,4.799069213867188e-16
8947.464256809862,3.2537384033203126e-16
8949.52752230575,7.621654033660889e-17
8951.586349351242,5.010683059692383e-17
8953.64565002719,4.741451740264893e-17
8955.710340938702,5.739443778991699e-17
8957.770590333495,3.0494068145751953e-16
8959.83623244713,9.915459442138672e-16
8961.897430997844,8.236026000976563e-16
8963.964024751822,1.5356663703918457e-16
8966.026172895728,5.635012149810792e-17
8968.088795434107,5.011775970458985e-17
8970.15681690305,5.147849082946778e-17
8972.220389690654,6.462012767791749e-17
8974.289363896107,6.985543727874756e-17
8976.353887370715,5.4929056167602545e-17
8978.423814751604,5.139544486999512e-17
8980.489289351199,5.774077415466309e-17
8982.55523911051,7.202632904052734e-17
8984.626596509414,7.22315788269043e-17
8986.693498050801,7.766988277435304e-17
8988.765809723076,2.1221330642700197e-16
8990.833663485022,3.4853214263916017e-16
8992.906929870303,2.0238794326782228e-16
8994.975736291497,7.626723766326905e-17
8997.04501863889,5.971204280853272e-17
8999.11971734895,5.563451290130616e-17
9001.18995301374,2.3795785903930667e-16
9003.265607536512,6.05162696838379e-16
9005.33679695789,4.677523422241212e-16
9007.413407733718,9.843099594116211e-17
9009.485551351081,4.249278068542481e-17
9011.55817166236,4.031232833862305e-17
9013.636217073454,3.897261142730713e-17
9015.709792239928,3.884159088134766e-17
9017.788795005557,3.6404769420623784e-17
9019.863325467128,3.7205555438995366e-17
9021.943286028345,4.915245056152344e-17
9024.018772225116,5.2205443382263185e-17
9026.094735884759,4.200217723846436e-17
9028.176133395455,4.134243965148926e-17
9030.253053450571,5.4527206420898444e-17
9032.335409860114,5.45480489730835e-17
9034.413286751316,4.747977733612061e-17
9036.49660250147,4.93322229385376e-17
9038.57543666957,1.2567599296569825e-16
9040.654749070738,1.942941474914551e-16
9042.739504088317,1.1403727531433107e-16
9044.819774427724,5.5034174919128425e-17
9046.90548989095,5.444938182830811e-17
9048.986718609916,1.0652792930603028e-16
9051.07339496127,3.078874397277832e-16
9053.155582501318,2.923822784423828e-16
9055.238249045875,9.483324050903321e-17
9057.326366986339,5.273887157440186e-17
9059.409993014386,5.473455429077149e-17
9061.499072949795,5.020175933837891e-17
9063.583658903364,4.633607387542725e-17
9065.67370127691,5.661107063293457e-17
9067.75924759824,6.455962657928467e-17
9069.850252853315,6.552535057067872e-17
9071.936759984848,6.702245712280274e-17
9074.023747114603,5.700634002685547e-17
9076.116196949431,4.5047554969787604e-17
9078.204145553167,4.7419295310974127e-17
9080.297559378643,4.5146574974060064e-17
9082.386469899311,4.358108997344971e-17
9084.480848159545,4.603538513183594e-17
9086.5707210403,5.070029735565186e-17
9088.661074693564,4.839305400848389e-17
9090.756899863803,4.50924825668335e-17
9092.848216542006,8.105503082275391e-17
9094.945007257907,1.3286222457885743e-16
9097.037287404712,9.427635192871094e-17
9099.135044111103,5.22239637374878e-17
9101.228288170378,5.556403636932374e-17
9103.322013777699,1.274462890625e-16
9105.42121972811,1.8875217437744141e-16
9107.515909913827,1.0737743377685548e-16
9109.616082967425,4.416929721832276e-17
9111.711738175916,4.1236357688903814e-17
9113.812878778244,4.095357894897461e-17
9115.909499454096,3.9776334762573245e-17
9118.00660245478,4.128472328186035e-17
9120.109194638906,3.947520017623902e-17
9122.20726377395,4.103183746337891e-17
9124.310824621298,4.356073379516602e-17
9126.409860335796,4.4469709396362305e-17
9128.514390292632,4.0012264251708986e-17
9130.614393031887,4.04082727432251e-17
9132.714878874014,3.872219800949097e-17
9134.820862754199,4.410080432891846e-17
9136.922316289158,4.608432769775391e-17
9139.029270395116,4.494832515716553e-17
9141.131692068722,4.577276229858399e-17
9143.23961684744,4.338508605957031e-17
9145.343007105714,4.242430210113526e-17
9147.446881246153,4.3838543891906744e-17
9149.556262293547,4.351233005523682e-17
9151.661105687805,5.72624444961548e-17
9153.771458526047,1.0376869201660156e-16
9155.877271620659,1.0218015670776368e-16
9157.988596697453,6.711987972259522e-17
9160.09537993916,6.993695735931397e-17
9162.202647843582,1.1364655494689942e-16
9164.315431538162,1.2066428184509277e-16
9166.423670259908,6.437582492828369e-17
9168.537427312936,4.2503585815429693e-17
9170.646637299264,4.293524265289307e-17
9172.761368159163,4.2140617370605474e-17
9174.87154985753,4.245604038238526e-17
9176.982217000424,4.382765769958496e-17
9179.098408831009,4.369086265563965e-17
9181.210048357256,4.3821816444396974e-17
9183.327215116415,4.387604713439942e-17
9185.439827473989,4.239861011505127e-17
9187.55796961087,4.1802020072937016e-17
9189.671555247956,4.205502033233643e-17
9191.785627112642,4.060359477996826e-17
9193.905232576904,4.00373125076294e-17
9196.020278393495,3.9753885269165044e-17
9198.140860358988,3.96330213546753e-17
9200.256880576184,4.021506309509278e-17
9202.378439492784,4.213836669921875e-17
9204.49543455949,4.260532379150391e-17
9206.61291663813,4.4977097511291507e-17
9208.73594124261,4.298014640808106e-17
9210.854398844238,4.339348793029785e-17
9212.978401525146,4.481759548187256e-17
9215.097835099188,4.501634597778321e-17
9217.222816307123,7.219352722167969e-17
9219.343226303208,9.066359519958497e-17
9221.464124096827,6.257652282714844e-17
9223.590573356943,5.438677310943604e-17
9225.71244824717,8.993544578552247e-17
9227.839877161454,1.0569921493530275e-16
9229.962729598436,6.937247276306152e-17
9232.09113861821,4.6794648170471193e-17
9234.214969052304,4.216703891754151e-17
9236.344358629107,4.404185771942139e-17
9238.469167510875,4.2222075462341314e-17
9240.594465202134,3.868646860122681e-17
9242.725325876658,3.989675045013428e-17
9244.851602691555,4.0372633934021e-17
9246.983445052581,4.037956714630127e-17
9249.1107014422,5.0823392868041994e-17
9251.24352594199,6.212512016296387e-17
9253.37176235762,6.480658531188965e-17
9255.500488371237,5.749699115753174e-17
9257.634786341783,4.890952587127686e-17
9259.764493058467,3.9776649475097656e-17
9261.899774299076,3.9226779937744144e-17
9264.030462170635,4.756311416625977e-17
9266.166727134298,4.890988349914551e-17
9268.298396612749,4.025969505310059e-17
9270.430556478961,3.8579277992248536e-17
9272.568297290238,3.9072127342224126e-17
9274.701439441491,3.8217523097991946e-17
9276.840165108944,3.8352429866790775e-17
9278.974289997775,3.803254842758179e-17
9281.11400097513,3.7664289474487307e-17
9283.249109054284,3.798747062683106e-17
9285.384708312247,4.2642059326171877e-17
9287.525897517908,6.92956304550171e-17
9289.662480645437,8.342111587524415e-17
9291.804656295948,6.005476474761963e-17
9293.942223746311,6.406501293182374e-17
9296.08538629613,9.448937416076661e-17
9298.223938522804,7.542750358581543e-17
9300.362982720606,4.835086822509766e-17
9302.507625883263,4.621499538421631e-17
9304.647655537714,6.63239860534668e-17
9306.79328673646,3.7035839080810547e-16
9308.934302301557,1.0688541412353517e-15
9311.080921991579,1.0359555816650392e-15
9313.222923921532,7.192034912109376e-16
9315.365418616217,1.4713433837890626e-15
9317.513521307455,1.1501011657714845e-15
9319.657003048429,3.464841842651367e-16
9321.80609536956,2.2501453399658205e-16
9323.950564611554,6.256208038330078e-16
9326.1006470185,1.595290222167969e-15
9328.246104216458,7.662620544433594e-16
9330.392054974025,1.1043390274047853e-16
9332.54362277442,1.2465639114379883e-16
9334.690562170485,1.2884840965270998e-16
9336.843121197146,9.97273349761963e-17
9338.99104968717,3.3078628540039067e-16
9341.144600396754,4.545559692382813e-16
9343.293518436418,1.8945192337036133e-16
9345.442930831852,4.1923413276672364e-17
9347.597969330978,4.4482259750366215e-17
9349.748371959684,1.2699462890625e-16
9351.904403284025,1.7815027236938477e-16
9354.0557966022,1.2686543464660645e-16
9356.212821209152,5.825124263763428e-17
9358.36520567321,4.178255081176758e-17
9360.518085290487,3.921635627746582e-17
9362.676600086936,7.326644897460937e-17
9364.83047153483,9.115897178649903e-17
9366.989980758022,6.224760532379151e-17
9369.144844493472,7.88268280029297e-17
9371.30534860154,1.0321062088012696e-16
9373.461205081692,1.7575077056884768e-16
9375.617557513793,1.2546595764160156e-15
9377.779554215187,3.3995730590820313e-15
9379.936900077833,3.3230822753906253e-15
9382.099892810082,4.1089466094970704e-16
9384.258232560944,1.4811385154724121e-16
9386.42222178292,1.6955568313598634e-16
9388.58155587988,1.8004791259765626e-16
9390.746542050665,1.4320013999938966e-16
9392.906870951821,5.757911205291749e-17
9395.067696833801,4.810380935668946e-17
9397.234178694365,5.992338657379151e-17
9399.396000067805,7.948798179626466e-17
9401.563480025534,1.3224578857421876e-16
9403.726297349056,3.700377655029297e-16
9405.894775863773,3.4033618927001954e-16
9408.058589596212,9.304023742675781e-17
9410.222901111154,4.3644695281982427e-17
9412.39287772835,4.0222177505493165e-17
9414.558186340584,4.039527893066407e-17
9416.729162664979,4.545393466949463e-17
9418.895468833862,1.205405902862549e-16
9421.067445326022,5.932287979125977e-16
9423.23474951113,6.540137481689453e-16
9425.402552281717,2.113399887084961e-16
9427.576029292948,8.158281326293946e-17
9429.744830769245,4.9708213806152345e-17
9431.919309100304,4.825755596160889e-17
9434.089109742412,4.710415840148926e-17
9436.264589854607,5.723329544067383e-17
9438.435390122844,1.889287567138672e-16
9440.606689780829,1.4274079895019533e-15
9442.783672832586,2.1048895263671877e-15
9444.955972807293,7.074214935302735e-16
9447.133958794111,1.0317402839660645e-16
9449.307259546387,1.0778630256652832e-16
9451.486248930316,1.2418758392333985e-16
9453.660550921219,8.110419273376465e-17
9455.835353107437,6.371517658233643e-17
9458.015847855322,2.629577445983887e-16
9460.191651971876,9.031822204589845e-16
9462.373151272659,9.211499023437501e-16
9464.549957781139,1.841610336303711e-16
9466.732462097614,5.3459000587463384e-17
9468.910271459821,4.7731375694274905e-17
9471.088581824208,4.9800438880920414e-17
9473.272593932947,5.580132484436035e-17
9475.451907843888,1.2234586715698243e-16
9477.63692612597,1.0716635131835938e-15
9479.817244045795,1.812815399169922e-15
9482.003268964763,7.553781127929688e-16
9484.184591356021,1.2281396865844729e-16
9486.366415557628,6.912714958190919e-17
9488.553950701084,4.976164817810059e-17
9490.736780068066,5.540811061859131e-17
9492.925323007923,7.31549072265625e-17
9495.10915800336,6.437702178955079e-17
9497.298709203913,5.035368919372559e-17
9499.483550291097,5.1258921623229985e-17
9501.668893998103,1.140817928314209e-16
9503.859957859288,7.266373443603516e-16
9506.046308353103,7.499842071533203e-16
9508.23838163637,2.391496467590332e-16
9510.42573938082,5.505757808685303e-17
9512.61882255121,4.8058757781982423e-17
9514.807188010338,4.8239107131958013e-17
9516.996056900061,6.182034492492676e-17
9519.19065517116,3.687777709960938e-16
9521.380532471745,9.832605743408204e-16
9523.576141793226,7.891830444335938e-16
9525.767027969245,1.5125349044799806e-16
9527.9636488069,5.899755954742432e-17
9530.155544323141,6.825477123260498e-17
9532.347944082067,8.905341148376466e-17
9534.546082464441,7.045733451843263e-17
9536.739492260896,8.739085197448731e-17
9538.938643324582,1.2454200744628908e-16
9541.133063623889,8.669967651367188e-17
9543.333227835428,4.4459905624389654e-17
9545.528659103127,3.9884104728698736e-17
9547.724595426906,4.018440246582032e-17
9549.92627963112,4.19385576248169e-17
9552.12322762172,1.3947022438049317e-16
9554.325926140804,5.439776992797852e-16
9556.523886264302,4.977402496337891e-16
9558.727599565547,9.875589370727539e-17
9560.926572288234,7.046671390533448e-17
9563.131300839153,8.317834854125977e-17
9565.33128662753,7.869883060455323e-17
9567.531778519744,4.634452438354493e-16
9569.738030216633,1.0872356414794923e-15
9571.93953587442,7.002828216552734e-16
9574.14680399042,1.2433794975280761e-16
9576.349323880819,6.166891098022462e-17
9578.557608884194,5.203163146972657e-17
9580.761143474463,4.837140560150147e-17
9582.965184984969,4.190936088562012e-17
9585.174995591302,3.999480724334717e-17
9587.380052502687,4.1365265846252443e-17
9589.590881167718,3.904674530029297e-17
9591.796953947776,4.312474727630615e-17
9594.008801140526,5.669984340667725e-17
9596.215890257268,5.032713890075684e-17
9598.423487111962,4.112785816192627e-17
9600.636862368623,4.016115665435791e-17
9602.84547626214,4.155742645263672e-17
9605.059871219733,4.466643810272217e-17
9607.269502620626,1.0330737113952638e-16
9609.484917748925,3.0385396957397465e-16
9611.695567125955,2.5466852188110354e-16
9613.906725059971,7.121787071228028e-17
9616.123670717105,5.437020778656006e-17
9618.335847330532,5.873220443725586e-17
9620.55381433348,1.4485776901245117e-16
9622.767010095624,4.2229400634765627e-16
9624.985998914919,3.5464939117431645e-16
9627.2002142953,1.0838611602783204e-16
9629.414939053022,7.763124465942384e-17
9631.635460870051,8.224005699157716e-17
9633.851205950417,7.179103374481202e-17
9636.072750760795,5.1765646934509284e-17
9638.28951663387,4.7048258781433106e-17
9640.512084908889,4.510703563690186e-17
9642.72987204495,4.382644653320313e-17
9644.948169380028,4.267632007598877e-17
9647.172273125665,4.072036743164063e-17
9649.391592429272,4.114253044128418e-17
9651.616720818449,4.462300300598145e-17
9653.837062561408,6.328519821166993e-17
9656.063216066179,8.219613075256348e-17
9658.284580719528,7.171935081481934e-17
9660.506456394894,7.738811492919922e-17
9662.734147847154,9.266191482543946e-17
9664.957047139591,7.554267406463624e-17
9667.185764888245,6.503024578094483e-17
9669.409688269332,2.1906665802001954e-16
9671.639432787197,3.5568008422851566e-16
9673.864380728732,1.7951030731201174e-16
9676.089840516617,1.0530513763427736e-16
9678.321125462837,8.616982460021974e-17
9680.54761051899,1.553905773162842e-16
9682.779923417127,4.5500244140625e-16
9685.00743421389,4.405141830444336e-16
9687.24077553752,1.6899904251098635e-16
9689.469312547453,7.7980055809021e-17
9691.698362229396,1.4251852989196778e-16
9693.933246466248,1.674473762512207e-16
9696.163323070323,8.078248023986817e-17
9698.399236917283,1.1247336387634277e-16
9700.630340916592,4.728732299804688e-16
9702.867284848002,5.554267883300781e-16
9705.099416715864,1.4874417304992676e-16
9707.33206208273,6.342348575592042e-17
9709.57055141624,5.480084419250489e-17
9711.80422536177,1.2348050117492677e-16
9714.043745966253,2.630044174194336e-16
9716.278448964309,1.7952989578247071e-16
9718.519001314875,1.0286419868469239e-16
9720.754733839542,4.872657012939454e-16
9722.990980691538,7.287437438964845e-16
9725.233080937094,2.6187805175781253e-16
9727.470358026956,8.176837921142579e-17
9729.713491207032,8.052221298217774e-17
9731.951799009388,7.369790077209473e-17
9734.195965599858,7.759665012359619e-17
9736.435304589557,1.4179622650146487e-16
9738.68050506651,2.681712532043457e-16
9740.92087571862,3.334671020507813e-16
9743.161761765055,1.533360767364502e-16
9745.408513348177,8.564485549926759e-17
9747.65043176975,1.954511070251465e-16
9749.898218430262,2.1814609527587892e-16
9752.14116970259,7.131114482879639e-17
9754.38999191735,3.6764998435974126e-17
9756.633976516267,3.8231201171875e-17
9758.87847734089,5.741847038269044e-17
9761.128853163911,5.4865150451660163e-17
9763.374388029,4.33116102218628e-17
9765.625800599097,3.6454684734344484e-17
9767.872369981034,3.89393162727356e-17
9770.124819775832,3.744590759277344e-17
9772.37242415122,3.790275573730469e-17
9774.62054558504,3.9054310321807864e-17
9776.87455149423,3.9703819751739507e-17
9779.123708636527,4.1161079406738287e-17
9781.37875296517,4.4479250907897954e-17
9783.628946293098,4.7040920257568364e-17
9785.885029519595,4.929808616638184e-17
9788.136259510522,7.115316390991212e-17
9790.38800739395,3.602325057983399e-16
9792.645649245007,1.2495269012451173e-15
9794.898434507619,1.2794113159179688e-15
9797.157116453207,2.896024513244629e-16
9799.41093957292,2.2720605850219726e-16
9801.670662092209,4.978009414672852e-16
9803.925523547165,3.9180759429931643e-16
9806.180903730035,9.535836219787598e-17
9808.442187388107,1.142130470275879e-16
9810.698606623559,1.5367113113403322e-16
9812.96093205394,1.9151105880737305e-16
9815.218390820664,2.1704185485839844e-16
9817.481758503298,1.3884409904479982e-16
9819.740257280206,1.4535431861877441e-16
9821.999275621787,1.0486165046691896e-16
9824.264206961481,6.228567123413087e-17
9826.524266031744,6.097175121307373e-17
9828.79024082423,8.598971366882325e-17
9831.051341102635,1.0185547828674318e-16
9833.318359828634,7.643301010131837e-17
9835.580501794864,6.072098731994629e-17
9837.843164163882,5.368437290191651e-17
9840.11174906928,4.735458374023438e-17
9842.375453845776,4.2491807937622075e-17
9844.645083887164,4.3070402145385747e-17
9846.90983155138,6.144357204437256e-17
9849.18050721025,2.8775453567504885e-16
9851.446298242641,4.719217300415039e-16
9853.712610517281,1.9335336685180666e-16
9855.984854881957,5.817354679107667e-17
9858.252211245588,4.615384578704834e-17
9860.525502432167,4.319148540496826e-17
9862.793903365799,4.417216300964356e-17
9865.068241856548,4.2804970741271977e-17
9867.337687841416,4.958739757537842e-17
9869.607655909349,6.679862022399902e-17
9871.883565636386,3.915607833862305e-16
9874.154579477532,1.3101148986816407e-15
9876.431537715102,1.0209965515136719e-15
9878.703597811249,1.5207847595214846e-16
9880.981605042398,6.168710708618164e-17
9883.254711875554,5.2921843528747565e-17
9885.52834163395,6.745110988616944e-17
9887.807922635951,1.0260406494140626e-16
9890.082599854499,9.02647113800049e-17
9892.363231058387,5.553178310394287e-17
9894.638956219651,2.0554637908935548e-16
9896.920638109255,6.259764862060547e-16
9899.197411696021,4.4396968841552737e-16
9901.474709051558,1.0364240646362306e-16
9903.757967250667,6.453746318817139e-17
9906.036313756018,5.1290822029113774e-17
9908.320623851096,5.103634357452393e-17
9910.6000199896,5.2326259613037114e-17
9912.885382465258,9.016542434692384e-17
9915.165828720483,7.713285827636719e-16
9917.45224406155,1.4432173156738283e-15
9919.733740917283,5.708165359497071e-16
9922.01576262837,9.928616523742676e-17
9924.303757549067,5.559011459350587e-17
9926.586830586473,4.983067035675049e-17
9928.875879585345,4.753293037414551e-17
9931.160004433419,4.846257209777832e-17
9933.45010799608,4.9145803451538087e-17
9935.735285139388,5.500877857208252e-17
9938.020987984695,6.431553840637207e-17
9940.312673675007,1.029310703277588e-16
9942.599429542532,6.043309783935547e-16
9944.892171011357,1.0730838012695314e-15
9947.179980386225,1.603701171875e-15
9949.473778119958,1.9070869445800784e-15
9951.762641487521,8.833074951171876e-16
9954.052031405094,2.584233283996582e-16
9956.347413818612,4.3151626586914066e-16
9958.637858457036,1.2805874633789063e-15
9960.934298352144,1.0939614868164063e-15
9963.225798197325,9.72455291748047e-16
9965.523296061207,9.450337219238282e-16
9967.81585159928,2.614424514770508e-16
9970.108934536742,8.972736358642578e-17
9972.40801963666,2.1604059219360354e-16
9974.702158996344,4.845822525024414e-16
9977.002303283678,3.166508293151856e-16
9979.297499552278,1.5620299339294435e-16
9981.598703514994,1.6387727737426759e-16
9983.894957179427,1.0428064346313477e-16
9986.191739093998,5.737784385681153e-17
9988.494532853125,5.0213890075683595e-17
9990.792372894035,4.7475023269653325e-17
9993.096227549157,5.147322177886963e-17
9995.395126203885,4.857043743133545e-17
9997.700042243752,4.910435199737549e-17
10000.0,1.2439930915832521e-16
10002.305977913595,2.8825428009033204e-16
10004.601502940994,2.230056190490723e-16
10006.908541951003,9.555803298950196e-17
10009.216112959113,8.049365997314453e-17
10011.524216088003,2.958385467529297e-16
10013.821856697195,1.6518319702148438e-15
10016.131021900417,2.0024356079101563e-15
10018.440719592036,7.238279724121094e-16
10020.739947535882,1.7351949691772463e-16
10023.050708035571,1.5369844436645508e-16
10025.36200139153,3.7199462890625004e-16
10027.673827726629,7.983310699462891e-16
10029.975174664922,5.767121124267579e-16
10032.28806478759,1.187201976776123e-16
10034.601488257613,6.450021266937256e-17
10036.90442509109,6.303587913513184e-17
10039.218913083603,8.393731117248536e-17
10041.533934791934,8.104172706604004e-17
10043.84949033916,1.96809139251709e-16
10046.154549585237,3.5242828369140627e-16
10048.471170636029,1.808677673339844e-16
10050.788325894517,5.517304420471192e-17
10053.094977600445,4.377492427825928e-17
10055.413199098606,4.4997262954711916e-17
10057.731955173525,5.428149700164795e-17
10060.051245948474,1.796817970275879e-16
10062.360023490672,5.499921417236329e-16
10064.680381487953,5.066522216796876e-16
10067.001274554663,1.9518266677856448e-16
10069.31164712551,1.9948785781860352e-16
10071.633608151848,2.7406148910522465e-16
10073.95610461727,2.652585792541504e-16
10076.279136645247,1.3110414505004883e-16
10078.591638481552,7.831861019134523e-17
10080.915739453401,1.4598755836486817e-16
10083.2403763578,9.42423095703125e-16
10085.554475795701,1.4107269287109377e-15
10087.880182382456,4.890372467041016e-16
10090.206425272012,1.0762553215026856e-16
10092.53320458804,6.780728340148926e-17
10094.849436726123,6.03798532485962e-17
10097.17728671034,7.317648887634278e-17
10099.50567349162,9.701960563659668e-17
10101.823505808392,1.0402121543884278e-16
10104.152963997534,4.3525268554687504e-16
10106.482959354591,7.1718025207519535e-16
10108.81349200343,3.059049224853516e-16
10111.133460460647,7.553848266601563e-17
10113.465065504772,5.892857551574708e-17
10115.797208211869,5.443832874298096e-17
10118.118779429027,5.892169952392579e-17
10120.451995272277,6.913857460021974e-17
10122.785749149945,2.4630142211914064e-16
10125.120041186105,1.2471817016601564e-15
10127.443751989522,1.5002114868164064e-15
10129.779118150847,4.290192794799805e-16
10132.115022842452,1.2919133186340332e-16
10134.440338991226,1.3122251510620117e-16
10136.777318550063,1.195231056213379e-16
10139.114837011222,8.789436340332032e-17
10141.452894498978,8.448881149291993e-17
10143.78035368538,1.1824624061584474e-16
10146.119487030976,1.9775474548339845e-16
10148.459159775555,1.9446401596069337e-16
10150.7882268969,2.048666572570801e-16
10153.12897624258,3.968581771850586e-16
10155.47026535989,7.705776977539063e-16
10157.8120943733,4.762213516235352e-16
10160.143307989212,3.1425636291503907e-16
10162.48621459593,2.623079872131348e-16
10164.829661471738,1.8687984466552736e-16
10167.162485616358,2.1683771133422853e-16
10169.507010829933,2.088829231262207e-16
10171.852076685846,8.83819808959961e-16
10174.197683308765,1.9046626281738284e-15
10176.532657410467,1.0255744171142579e-15
10178.879343364964,1.9485408782958986e-16
10181.22657046006,2.061236572265625e-16
10183.574338820537,3.7141437530517583e-16
10185.911464860748,2.4744619369506836e-16
10188.26031354753,1.7647659301757813e-16
10190.609703873628,7.575433349609376e-16
10192.948444527168,1.1250404357910156e-15
10195.298915925918,3.799258041381836e-16
10197.649929338178,1.4059970855712892e-16
10200.001484888942,1.103938102722168e-16
10202.342380952286,1.9173170089721682e-16
10204.695018572027,5.100810623168945e-16
10207.048198704808,4.552143859863281e-16
10209.390711986018,4.604523086547852e-16
10211.744974935327,1.1247911834716797e-15
10214.099780772474,1.4031350708007814e-15
10216.455129622645,5.055316925048829e-16
10218.799801790556,1.159243392944336e-16
10221.156234455193,1.0644637107849122e-16
10223.513210508,1.2714156150817871e-16
10225.859502502513,4.388369369506836e-16
10228.217563118544,9.812804412841797e-16
10230.576167498142,7.145680236816407e-16
10232.935315766703,6.610869598388672e-16
10235.283770130422,3.5125820159912113e-16
10237.644003961752,1.2100741386413574e-16
10240.004782057791,7.39051628112793e-17
10242.35485886106,6.386467456817627e-17
10244.716723269832,6.185762405395509e-17
10247.079132319323,5.1779246330261236e-17
10249.442086135121,4.997767925262451e-17
10251.794328795719,5.107801914215088e-17
10254.15836992541,4.6020975112915045e-17
10256.522956197765,6.53342866897583e-17
10258.876823915072,6.637219429016113e-17
10261.242498252497,5.8546199798584e-17
10263.608718109197,5.950278759002686e-17
10265.975483610971,7.677398204803468e-17
10268.331520679356,9.587931632995606e-17
10270.699375248973,1.7714288711547853e-16
10273.067775840622,3.1864427566528324e-16
10275.425440587098,2.301981544494629e-16
10277.794930998976,1.242687511444092e-16
10280.164967810111,1.0700589179992677e-16
10282.535551146499,1.3078742027282715e-16
10284.895388743438,3.8898506164550783e-16
10287.267062904446,1.9639149475097656e-15
10289.639283968278,2.6129483032226564e-15
10292.00075186892,8.827632141113282e-16
10294.374064510972,3.6621578216552735e-16
10296.747924433676,8.916768646240235e-16
10299.122331763236,1.0931637573242188e-15
10301.48597601937,3.8983055114746097e-16
10303.861475933161,1.569754981994629e-16
10306.237523631986,1.3281055450439454e-16
10308.60280082167,1.9741750717163087e-16
10310.979941859543,3.5908306121826176e-16
10313.357631060888,2.908540725708008e-16
10315.73586855211,1.5444936752319336e-16
10318.103325607972,8.543225288391114e-17
10320.482657445877,4.7280087471008306e-17
10322.862537952447,6.583039283752442e-17
10325.231630575947,9.894749641418458e-17
10327.612606185232,1.2671171188354492e-16
10329.994130842235,1.391672706604004e-16
10332.376204673565,1.2593635559082033e-16
