id,x_0,y_0,sharpness,roundness1,roundness2,npix,sky,peak,flux_0,mag,group_id,x_fit,y_fit,flux_fit,flux_unc,x_0_unc,y_0_unc
1,5.23904095756858,0.7374070993881908,0.7660505076989133,-0.5351499915122986,-1.6190180147019162,25,0.0,9.0400390625,78.8514175415039,-4.742023763024678,1,2.665044934051577,0.80405563281408,103.6619793355537,0.24821710209105602,0.16827934950322865,0.2138597776759387
4,8.314542693788969,0.9539979353662581,0.30882823027888845,-0.35087019205093384,-1.174804071077375,25,0.0,8.047830581665039,99.79989624023438,-4.99782522440287,1,9.255486993066809,0.35959681939655,216.92588956774108,0.54362658158196,0.009339600311521156,0.011033978693723167
17,1.1160722883596255,4.2822836114225336,0.24822380331249563,0.6271552443504333,1.8054923993598282,25,0.0,3.596644401550293,34.18293380737305,-3.8345233350836554,1,9.586999515813702,12.165257218431137,802.7820474889561,0.21541414717421103,0.21925775140291345,0.2055787104604981
2,53.48652247705282,1.71342252029351,0.8489545774753708,-0.7265007495880127,-1.640145062546351,25,0.0,0.4096359610557556,2.3848836421966553,-0.9436679869679442,2,47.28533451678457,10.415538295842495,22.668874041199416,0.10967140774166989,0.108867853159866,0.07715462982578371
26,55.39258846118899,8.1699595550499,0.41190470060538614,-0.04150642827153206,-0.08496510674790711,25,0.0,8.384652137756348,82.51309204101562,-4.791307154710381,2,55.3608989706008,8.295754618360462,227.62910151649004,0.1300405123552589,0.013255474613460492,0.007036430300042149
5,29.14851113729456,1.733492084501287,0.3285917371512939,-0.4076784551143646,-1.0795667113752145,25,0.0,1.3814719915390015,12.21640396118164,-2.7173584628737446,3,26.69011058251535,2.038141240578783,56.50512882788363,0.1136184357968718,0.01321549541379266,0.015494025708564233
18,29.532450086943683,6.317280648621901,0.4313554608651319,-0.2338578850030899,0.12580899442931306,25,0.0,1.9406812191009521,11.299334526062012,-2.6326321661931473,3,31.397978126686365,7.2800366365434455,63.752492645596504,0.271439729327239,0.025166797902371803,0.03011847736313236
29,21.80617160653006,8.780307151043065,0.42358433055521344,-0.2491428405046463,-0.017672135063804842,25,0.0,3.2014694213867188,22.65766143798828,-3.388037707663522,3,22.119317162569402,9.132237010467565,105.14449243442606,0.2041835266185109,0.02190448257620652,0.020216730246790177
6,44.595648492956016,1.6999873888192112,0.3131921948572437,-0.6602417230606079,-1.1477828072220166,25,0.0,0.6303656101226807,5.372313976287842,-1.8254034659599385,4,41.372119192199904,3.3874427740267166,29.101871650760597,0.10947984230279197,0.02037937530844965,0.01480964811844715
25,43.17786214940135,8.1790582572566,0.5855197238767467,0.3679087460041046,0.4312623045916011,25,0.0,1.241697907447815,1.888463020324707,-0.6902712123499974,4,34.1115990069975,23.79317762806943,401.2335318047128,0.13663537211568463,0.11738440239143191,0.15825262226257478
33,38.498963627294955,10.885649933980723,0.4145994614032706,-0.0375974141061306,-0.20728831076622148,25,0.0,4.6495819091796875,40.07677459716797,-4.00723190496372,4,38.34679476073901,10.903082231769773,133.11728719552835,0.41342578607680824,0.021179024631443544,0.02197434600529399
7,64.72309297018674,1.0685471418527623,0.3472339338044406,-0.4619428813457489,-0.7577188909534827,25,0.0,1.3944960832595825,19.073755264282227,-3.201090514733454,5,65.16582836595929,0.6823878757354033,34.525602996650875,1.157305444994902,0.0812683989574939,0.10052693325890764
8,72.89181798042237,1.630664876498524,0.2849618695380989,-1.0624444484710693,-1.116891178479619,25,0.0,0.4558337926864624,4.088404178619385,-1.5288845587335098,5,77.01832154136883,3.5720957966280324,12.009766081037819,10.550815853055822,0.13791675207120743,0.1344128993876691
15,71.9439627815028,3.4757712745612603,0.43316542875422986,-0.10733989626169205,-0.04366920514543722,25,0.0,0.6222499012947083,4.032351970672607,-1.5138960830538881,5,67.0138264725353,8.19879268205152,9.941129129427818,0.10030965322319003,0.07450329064948412,0.08784284837321604
9,85.58660342397047,1.9751208956774104,0.36066486855207536,-0.34428608417510986,-0.3370715657965346,25,0.0,0.7600910663604736,8.3595552444458,-2.3054579304333283,6,85.6611942074317,2.102778568456729,24.615451254411532,5.1945291695069935,0.08059613370416109,0.10921404218604965
19,90.48533533125854,6.266500799156224,0.4351886924752178,-0.28580722212791443,-0.05129897580996841,25,0.0,0.3629011809825897,2.748147487640381,-1.0976000918471798,6,90.621859124097,8.124528611184353,11.871785773180548,0.3366510490895908,0.08666436982780339,0.11118731892923997
11,105.32955187462201,1.2509127855811866,0.35674244690179086,-0.9021078944206238,-1.5004415907780264,25,0.0,0.12003888189792633,1.0328704118728638,-0.03511459145899901,7,124.8547894846933,4.908821699159781,-12.568033523481267,0.18139937237850853,0.0065715922286452245,0.008470591924683305
20,98.90398794428812,5.757452119766642,0.3591870384480398,0.12546417117118835,0.29226646947978824,25,0.0,0.20856548845767975,1.3412830829620361,-0.3188011176226505,7,99.95223218225057,6.198028454564233,7.3987496726847635,0.08885066943753482,0.07103986746513062,0.06280714448420974
12,115.21963473304932,0.9560697098517699,0.3580763595566937,-0.5673699975013733,-0.7451791561343953,25,0.0,0.3289145529270172,4.665282726287842,-1.67219492017739,8,116.16534366592157,0.5466830528819195,8.109934886173306,0.7790536579323376,0.1686952874587103,0.20501248218450965
13,233.67875806556287,0.8738501306757132,0.38474675965611366,-0.4603007137775421,-0.6387651770813495,25,0.0,0.12476328015327454,2.039417028427124,-0.7737651029765567,9,233.63462800901274,0.3237758424951369,3.0501580150419825,0.10899318246797497,0.02252421483948574,0.020089045971003867
16,329.09432264875375,4.1337038220189,0.42340861334724283,-0.03921139985322952,-0.04926531889127219,25,0.0,1.5105031728744507,15.379539489746094,-2.9673583289014434,10,329.13785027589364,4.22475458243853,37.36798595379206,0.12506672161995658,0.10013266614977354,0.0940880779310029
21,189.01374586314114,7.011866720822914,0.4118843184573502,-0.048806291073560715,-0.015729439587995782,25,0.0,5.282839298248291,54.96976089477539,-4.350309619733524,11,189.05175599214425,7.0525849044480875,127.09930316404845,0.2663011751353527,0.06411730613210746,0.06415787775030118
22,269.8831918532405,7.0378915356651115,0.38250772046919074,-0.5426687598228455,0.20689172710203815,25,0.0,0.09106674045324326,1.0772061347961426,-0.08074704524202954,12,269.443834586653,7.314457019920131,2.4158299456458545,2.4059299070724496,0.05111876181792155,0.050146143070583724
23,296.36674013556785,7.147743539813655,0.47547402591352295,0.3946934938430786,0.14175733854566533,25,0.0,0.11929469555616379,1.3150943517684937,-0.29739228127061396,13,296.02354993314515,7.448869426975251,2.213944400108614,0.2331085197299788,0.12343072088793502,0.1269169361935274
24,433.91912625400045,7.162382535653835,0.41678192089217825,-0.09955121576786041,-0.03265463645603779,25,0.0,1.0283304452896118,10.758331298828125,-2.579362285223719,14,433.9468704555222,7.285970699078926,24.439779347734223,0.28419763390111136,0.166693136329048,0.1535431650994129
27,258.83901337555494,7.647323578537916,0.42799592879119225,-0.011067163199186325,-0.02139716135458521,25,0.0,0.651716411113739,6.768733978271484,-2.076268614967249,15,258.8307099902245,7.620645034211374,15.061484970367733,0.21048525582711647,0.009712575003052892,0.012680963024849142
28,281.8178667587327,7.905260903699032,0.4653290645462104,-0.16654960811138153,0.04137838917783362,25,0.0,0.15836557745933533,1.877576231956482,-0.6839939473409017,16,281.72886820028754,7.861075874875247,3.1588259871021775,0.08377111150158649,0.05841417118797918,0.048155156390888104
30,165.26963795342954,9.032260123809243,0.4203897756374903,-0.10358821600675583,-0.03965052854373961,25,0.0,0.7305743098258972,7.596648216247559,-2.2015550391646377,17,165.29151729373697,9.128978310114775,18.34709632716304,0.23069919135619088,0.014304317755879068,0.01630914768826904
31,342.65458021270194,9.201365243821948,0.41433656717544365,-0.034507934004068375,0.019786565784514803,25,0.0,0.8515574932098389,8.718245506286621,-2.3510727365276023,18,342.63829778845485,9.296551610319597,22.619204266774755,0.4637269482619094,0.26505245114947024,0.2611538212980653
32,395.82027854016343,10.183970575891792,0.39949160574958237,-0.047827333211898804,0.00818318291557624,25,0.0,0.4803199768066406,4.9535651206970215,-1.7372946917510568,19,395.85582400882055,10.302071048113344,11.898863439028567,0.40809728536510886,0.0389144641466361,0.05502906929410251
34,315.13640258944497,11.879998062352557,0.3428681226201761,0.1625124216079712,0.021082356614856617,25,0.0,0.08175577968358994,1.1900972127914429,-0.18895609519251128,20,314.906359530775,12.511667080721223,1.718630387817732,0.5913707524585399,0.008062081598642369,0.009576871928237106
35,67.41421966286617,12.847447740844958,0.44598216273420727,-0.3519343435764313,-0.35707644208750583,25,0.0,0.4911307692527771,3.1591880321502686,-1.2489386887697005,21,64.55684755159366,18.118691501435322,20.098774402520732,1.3081001551631257,0.05725713475179726,0.057377400072719756
36,143.41394371075017,15.062800030373998,0.4128326200540322,-0.07211239635944366,-0.1012356233088538,25,0.0,1.790515422821045,18.12835121154785,-3.1458957661283584,22,143.43821294053495,15.256222767144662,49.00755856542475,1.4573541967975907,0.10657411647274831,0.10666399576861131
37,76.94732037384968,15.549887936967364,0.3996135980482173,-0.07815077900886536,-0.027127582900093296,25,0.0,0.4204298257827759,2.8073267936706543,-1.1207324266938838,23,76.56417280661978,15.166221852902881,16.602517494199205,0.15448605768811566,0.04570535470163346,0.028035912976859808
49,71.90376204954973,23.55762662971572,0.4263083189284228,-0.13589611649513245,-0.30579702020319605,25,0.0,0.40940651297569275,2.4025626182556152,-0.9516867888831816,23,71.69956498322597,23.25146675785185,15.968177753189876,0.26373958536418923,0.08607655480016652,0.0688686506454084
50,74.24670964037024,23.194200129937922,0.42264783416699947,0.181139275431633,-0.3404177109953173,25,0.0,0.3259235918521881,1.6807892322540283,-0.5637831428967554,23,80.98964028875088,27.071065259195606,6.298143729582344,0.12348414084326499,0.11017507152256274,0.12550248286115562
38,87.23697171440199,15.931112705400679,0.4085253642844093,-0.018422676250338554,0.0005890262702961564,25,0.0,0.759391725063324,6.710484981536865,-2.0668847718062144,24,87.36723114468288,16.093558765138095,23.108361494043468,0.2445451189864602,0.08110667357364307,0.10503665353183846
39,123.58835677912101,16.332783332006944,0.4036099458192181,0.03359266370534897,-0.11076469951546589,25,0.0,0.28745177388191223,2.2074434757232666,-0.8597239793830537,25,124.33776060540868,15.219473232091712,9.001650347447578,23.795038442272947,0.13891052033363824,0.11964398036903591
46,129.1969050177224,19.56812628908568,0.4717654404271329,-0.12888449430465698,0.03484785250232263,25,0.0,0.33988073468208313,2.7499682903289795,-1.0983192151078884,25,129.3646812638478,19.575171805243894,8.080403992356935,0.9751899031266644,0.09241533254683133,0.08994016559772519
51,121.58236197027863,22.714674211978128,0.4673095127799417,-0.16504766047000885,-0.020844073777542958,25,0.0,0.5035094022750854,4.445984363555908,-1.6199198274001605,25,121.4440895140925,22.631797352670883,12.667218418442397,0.08024098594532728,0.035381561545709955,0.03514701452285644
62,126.96476092577464,26.806455114511117,0.3769661920598975,-0.16628113389015198,0.011666399479848528,25,0.0,0.18567460775375366,1.379989504814148,-0.3496894587229564,25,127.60155104066452,27.272202976234553,4.965566636701309,0.07496299554082332,0.071122126280952,0.06993428625732545
65,118.96299822174528,28.79836773645348,0.4152299878000307,0.6974896192550659,0.20779650890674964,25,0.0,0.19437360763549805,1.47505521774292,-0.422020695382396,25,118.07053541764776,30.06848727228319,5.8645421512252005,0.8059625687406788,0.2038335176680168,0.1986026169458602
40,14.600049981144156,17.847401197008605,0.4174891848370961,-0.22327284514904022,-0.031413686182805066,25,0.0,6.305099964141846,49.46116638183594,-4.235660883946252,26,15.33943542575889,18.298229249718656,170.38419778278472,0.09646837059599764,0.024852250175329275,0.01622334735766386
41,50.68982649847949,17.872801875003706,0.3883922369622991,-0.5907891392707825,-0.9105827891130668,25,0.0,0.5130653381347656,1.2792000770568848,-0.2673461922483906,27,73.35990871111916,70.25808915880019,32.91973420468577,1.9152814825801596,0.057590637096036616,0.05071020833948063
44,58.52922455080821,19.475346312599548,0.43821432938960425,-0.08404071629047394,-0.022115387113662684,25,0.0,0.8639546036720276,5.885622501373291,-1.9244810084813317,27,57.436751486081796,19.321226967453335,29.870975117592284,0.37399088208100145,0.06256641509802013,0.06492246065250938
45,62.58350387258743,19.441977424712075,0.46952259319420225,-0.2521542012691498,-0.20472481164414263,25,0.0,0.4397161304950714,1.7138339281082153,-0.584921840349905,27,59.345858258775735,26.06318231473007,12.423634784911185,0.5762719304105285,0.16100456387574213,0.08397382341142738
42,294.04415250461506,18.058859804897388,0.3909898081719424,0.2162521928548813,0.3636542212049354,25,0.0,0.13842694461345673,1.4660052061080933,-0.41533878145854786,28,293.9921665297305,18.009687500037366,3.387550309098177,0.1022483924935299,0.02343019698915726,0.016862738490188857
47,190.28144181451628,22.636593389483263,0.4254372797101753,-0.544301450252533,0.1403724104596106,25,0.0,1.1468414068222046,9.32878589630127,-2.424562814391193,30,190.08660826045156,22.279962819629755,24.578682497844607,0.10247588702444033,0.05106028971609836,0.04742116792439293
58,201.24957240954276,26.088520758145535,0.4608231097727309,0.6339799165725708,-0.8859842901522799,25,0.0,0.6638469099998474,3.2538983821868896,-1.2810099649681403,30,200.77618680405513,25.545442188311895,10.907306906527511,0.12282258030740488,0.08912710482026667,0.1146306235287843
64,195.13027629275481,27.69969982244036,0.414180150149541,-0.047187212854623795,-0.0038012243381396176,25,0.0,5.949124813079834,59.58024978637695,-4.437755799086525,30,195.07084767601722,27.748061252552844,142.75606324006358,0.7646908799400506,0.06965943718016589,0.06509766636865034
48,21.845792838536443,23.323881702346938,0.4106795562917734,-0.1469789445400238,-0.25598149114373736,25,0.0,3.0438013076782227,22.490642547607422,-3.3800046580303866,31,21.901217049518287,23.480366751146484,86.0040992499023,1.8738700786215197,0.27173776568482816,0.3404708852145951
52,145.5283859474194,23.223544555837435,0.47805794385608463,-0.4187479317188263,0.21430870744376634,25,0.0,0.3289530575275421,2.622525453567505,-1.046799280095606,32,145.56249372031488,24.040797642669506,8.739659098380157,0.4891103314980368,0.009037512268792349,0.00827252960619148
53,163.54412723379983,23.580539336525995,0.5159865630143995,-0.2193441540002823,-0.23670045761736136,25,0.0,0.1414221227169037,1.3241580724716187,-0.30484958115879907,33,162.5109671383359,23.528813637734345,3.9914306677475953,1.1658092962361484,0.2811411997718691,0.2503719965196174
54,267.78162163921877,24.411887515754007,0.4234468246891141,-0.05192091688513756,0.032327868709244804,25,0.0,1.5002727508544922,15.337553024291992,-2.964390192902055,34,267.81234324800397,24.42973398603363,36.1173711894748,0.6361513906697751,0.05342368158829305,0.0369872956252189
55,403.83384145994495,23.773571398500255,0.45749435309598074,0.25989267230033875,-0.04413508747421173,25,0.0,0.1684463918209076,1.7338570356369019,-0.5975332126750512,35,403.7307383083011,23.797350363320515,3.8856206147265775,1.0027518540987466,0.27649035192018223,0.3535159585971322
57,102.95119502467962,23.976403930771763,0.3969778286010805,0.855151891708374,0.42792610734487974,25,0.0,0.2197037637233734,1.0131208896636963,-0.01415317554625857,37,102.51066451338987,24.126089921006628,11.175098099785576,0.8897632780552034,0.09924638443270827,0.097775258080726
59,442.733111571531,25.263170292897144,0.4131437320175002,-0.08376964926719666,0.12234765588421226,25,0.0,0.3465483486652374,3.541199207305908,-1.372875895827966,38,442.8498915405949,25.369024431415998,8.41004502709045,0.5399518189624142,0.05305690397592293,0.06668220086147954
60,43.75338922010705,26.315240702647294,0.4140324207097686,-0.1199154332280159,-0.011065242972161589,25,0.0,9.245234489440918,87.16951751708984,-4.850911605435501,39,44.752518963198156,25.729081771726214,138.22756219346766,0.30263661564141886,0.3906062600717623,0.312335836480358
66,41.505861776178556,29.73163987756912,0.4216905310155571,-0.34510594606399536,0.49379348410258606,25,0.0,4.254654407501221,25.265138626098633,-3.5063042137267884,39,42.75831440217661,27.67602427887258,135.99114047489405,3.521770182297232,0.23649093511216546,0.1769230447396695
61,316.7006874548514,26.04222406707358,0.5504938737683287,0.23284973204135895,0.0056705327577705935,25,0.0,0.1165744960308075,1.10020911693573,-0.10368809857689273,40,316.38350237564606,26.311651401450188,2.926669827343233,0.34242501654166035,0.2554810029509623,0.21817758834532464
63,31.81698467305509,28.49304217344038,0.41312356842579734,-0.03442306071519852,-0.06323357061253548,25,0.0,1.6661663055419922,12.26214599609375,-2.721416206594421,41,28.410070813169526,52.42749204153071,-56.46726425392026,0.7234846742784065,0.07395882817605032,0.07839442401194932
67,137.51325964776234,32.30855840651466,0.4075540691742381,-0.11255396157503128,-0.18034312217246973,25,0.0,0.2929927408695221,2.6970207691192627,-1.0772107271622238,42,137.4085457085438,32.492856607633115,8.568730264441195,4.571120141003486,0.032002081371960645,0.07120085871089255
68,23.15021505994794,33.675768845287216,0.4669590755345869,0.043310340493917465,0.007231629566819781,25,0.0,1.0293980836868286,4.169166564941406,-1.5501231155981237,43,23.48582747002382,35.02830420012308,57.396238711575194,0.3378028977026373,0.014364384693778945,0.016047000127567965
72,19.226413063718496,33.49261174525813,0.4498126652411479,0.15960904955863953,0.09675092901832574,25,0.0,1.2848660945892334,5.9176154136657715,-1.930366842265111,43,19.801548976545636,29.153745409149405,25.347005744370964,0.37627404481472565,0.12192449081692563,0.1330824734943374
78,22.773961805435057,37.80893433099811,0.42277523511871734,-0.32667359709739685,-0.07477547529064892,25,0.0,1.2557176351547241,6.337893962860107,-2.00486242220593,43,22.729941743920616,48.39466351690496,32.65299321073295,0.2751268915715429,0.01761351699956908,0.01794081650554848
86,25.799431541618244,42.37770851194886,0.4142224902790716,-0.21599474549293518,-0.011943094668400477,25,0.0,1.2843137979507446,9.548115730285645,-2.4497941858493193,43,25.040178584300254,41.394475339353605,42.82293809609291,4.059278806049886,0.042143163115482773,0.05715996771411226
93,37.2686506951422,46.02651402764448,0.4121574664616989,-0.10159886628389359,-0.1293757327415135,25,0.0,1.308451771736145,9.984816551208496,-2.4983502252126613,43,38.532198719164576,46.81724182165522,46.036943476816795,1.020855580717548,0.010316935634169347,0.012221177767843894
103,25.64226709206084,53.178506865947995,0.4678064605524246,-0.7729805707931519,-0.2237255951198485,25,0.0,0.4599775969982147,1.2531880140304565,-0.24504058117744387,43,40.964763106894324,14.667166300903588,39.45531143081032,0.13619642393715278,0.034863373333469845,0.036664484364534754
108,20.178123294230627,56.79757584399683,0.45411440215127236,-0.08184332400560379,-1.0007616327474986,25,0.0,1.1070033311843872,3.513517379760742,-1.3643552653359463,43,14.893154272387525,68.940855571674,13.719778117836633,0.12802442958933766,0.020741096648258864,0.020464057102311774
112,15.70594589179606,63.087213560236115,0.41868427961776056,-0.3197450041770935,0.12728646083790696,25,0.0,2.5158214569091797,19.496952056884766,-3.2249168093886564,43,4.675299138745458,61.74240422151026,229.9853586108908,0.9428922595534687,0.03570453302080746,0.03768057057023628
117,21.44691685098598,67.03031088953395,0.43640158453868433,-0.2745078206062317,-0.168402310956035,25,0.0,1.3084853887557983,9.851205825805664,-2.483723482701335,43,12.983291219804771,62.89915344430898,35.839814486939005,0.35475598759835303,0.12378115587316565,0.12482177699033811
118,27.19326273392274,66.76266923414472,0.5883901202306859,0.366928368806839,-1.7393669171030037,25,0.0,0.4383735656738281,1.1661131381988525,-0.16685172106560095,43,22.79780870954096,66.23073927601139,45.5469336078623,0.22345113759910193,0.014017417626508303,0.013279415878293134
123,34.13920354592658,70.55119634391701,0.4907877598183054,-0.8307164907455444,-0.4732213645346263,25,0.0,0.33399927616119385,1.4427934885025024,-0.3980104340710857,43,44.20643617206561,71.2581338383788,31.434074583390977,0.1912890961154519,0.024276894679969456,0.023039078534940503
124,20.65761241415819,73.02267274909373,0.4511650498795807,-0.2391851246356964,0.33145105538021685,25,0.0,0.7185007929801941,4.5868144035339355,-1.6537779190285706,43,20.723962531053573,75.97716040428595,17.341844726322325,0.18752455616771044,0.02546769568129258,0.026643754624022124
130,16.287443680758745,79.4046680725501,0.42453595700508245,-0.12190502882003784,0.06648615452272728,25,0.0,0.4532404839992523,2.3744077682495117,-0.9388882611603824,43,17.10882479044429,78.66204660879774,11.922235696893436,0.2592477717303918,0.08791112011459166,0.13823818363029822
69,55.78974359552425,33.39451286380426,0.4142793710815043,-0.12242297828197479,-0.03321938847248876,25,0.0,3.6098668575286865,33.94094467163086,-3.826809814456722,44,55.50947146309151,33.443669750666025,103.49977528677553,0.2175674832202481,0.15856859474306492,0.16530819519128787
70,150.86379832204065,32.63892378670163,0.4018835753888189,0.23796962201595306,0.611677207821495,25,0.0,0.12609326839447021,1.095736026763916,-0.09926485268866457,45,150.38469016270085,33.248397697574255,4.356560875703683,0.2479991411867743,0.026389358213635198,0.02549981010370411
71,169.53683406792027,33.21399509144602,0.5660792200438121,0.3694169223308563,-0.3342497833660695,25,0.0,0.11446735262870789,1.003244400024414,-0.0035168605978371133,46,171.38139418543253,33.34077315149099,3.906163200853538,0.8307432832572016,0.39197825499601385,0.35408526058209594
73,427.06667538433584,33.93606653541837,0.42079963930766395,-0.07799018174409866,-0.029836216777681664,25,0.0,2.0278592109680176,20.898290634155273,-3.3002769116276447,47,427.047053374944,33.99888377266923,48.394511052177016,0.23252051238674376,0.027153737044348723,0.02473747580587031
74,77.66109692058323,34.9932678905346,0.4385010527338019,-0.14978905022144318,-0.2216954720783692,25,0.0,0.48212751746177673,3.5744564533233643,-1.3830250263431052,48,76.71217988976038,35.18911278899833,14.350711494359233,0.4405461610003634,0.12698896923931152,0.1749321976400061
77,89.20884591421076,37.70304283077832,0.3215352532634305,0.2355170100927353,-0.339613573907734,25,0.0,0.2888980805873871,1.2586361169815063,-0.2497504745367714,48,94.37758323900356,42.796399301160875,16.86873997391054,0.27881596012718685,0.0363652918471628,0.035970829643745095
79,83.39194434860545,37.752100949790865,0.422185701699527,-0.14253436028957367,-0.10664699218332166,25,0.0,1.0057063102722168,9.355270385742188,-2.4276408599585553,48,83.55431112734297,38.00966163507382,28.48637579021092,1.779799843599849,0.11731557329086847,0.14492395333754704
75,254.22194845088634,34.5281302497753,0.40362370853922697,-0.006268864031881094,0.12796950504625934,25,0.0,0.167717844247818,1.7069900035858154,-0.5805774445556813,49,253.97960576785619,34.54493486224965,3.766621493489417,0.08538285673561122,0.07618010547784329,0.06758538729226435
76,332.23093628446713,35.341906246723255,0.4082981823947578,0.031398676335811615,0.010462563233295618,25,0.0,0.9404367208480835,9.650432586669922,-2.461366953254024,50,332.2373975044567,35.4199227696949,23.719690220339242,0.3932384043673234,0.06999606691768581,0.07446320116801504
80,200.01829297406286,37.806908190176976,0.3601167203983764,-0.10748589038848877,0.11285928151873045,25,0.0,0.17424173653125763,1.6446962356567383,-0.5402142460493446,51,198.97699602016482,39.08834762440787,4.735746715151124,0.21532872072548012,0.18558307885439054,0.18555023794424635
81,321.21628858997985,38.38081626134208,0.4650038435797901,0.5795019865036011,0.16015829978355095,25,0.0,0.11475842446088791,1.163620948791504,-0.16452882823769266,52,312.54837105823924,42.975014634481745,16.121605373227418,0.1871624674129148,0.015034381601331926,0.016012876771412447
82,107.47833828827717,39.95876243485404,0.41786893620238486,0.5221271514892578,0.1309174669717201,25,0.0,0.16334789991378784,1.163365125656128,-0.1642901018918314,53,99.56507381782106,44.48947806694814,13.152772866271647,0.10605642317605322,0.058567415754642915,0.08277864518786061
83,292.96063327363146,39.8666201454391,0.4128425838644692,-0.04220454767346382,-0.014953167752780818,25,0.0,8.10411262512207,81.22772216796875,-4.774260686706683,54,292.9761317961769,39.88334360099786,200.1294733735357,0.5180584118838104,0.15810549735564752,0.15534601412059618
84,53.56330784174429,42.23537169265418,0.40661658977140336,-0.11758773773908615,-0.0161781267252366,25,0.0,1.7712056636810303,15.246478080749512,-2.95792383433082,55,53.40097871277635,42.28043710043325,52.9459082667969,0.20335640075366537,0.021432648329893323,0.02801228294557806
99,55.55714602033159,49.50021143231061,0.42384330943603526,-0.024400463327765465,-0.003283381773585522,25,0.0,0.9057826995849609,7.213340759277344,-2.1453411220245275,55,55.43445152691928,49.48706972725226,27.756773749143115,0.1132578750845961,0.05232819518351116,0.05782615267934216
85,310.6215487302539,42.531400192486814,0.4138619748788583,-0.09622010588645935,0.0036584932766806624,25,0.0,1.2614761590957642,12.300252914428711,-2.724785103438237,56,309.862013039198,42.35147478932972,21.51906954093356,0.4307644281481113,0.11910129271961513,0.11152886418465735
94,314.32532490006554,44.059494013423134,0.504692154536376,-0.3905085325241089,-0.455729249992128,25,0.0,0.19193483889102936,1.0439517498016357,-0.046701066399455066,56,323.4517089367767,63.25951016564021,7.102765336980909,0.30925351333058604,0.05866111818181741,0.05927125824178985
87,163.10543679455293,43.362315865701866,0.4549526345326876,0.08770955353975296,0.08257479788373766,25,0.0,0.305210679769516,2.9771687984466553,-1.1845086470431596,57,162.92614424447,43.35689340205838,7.172161099278814,0.30385641428388804,0.07181505281558105,0.05728363352944447
88,194.1306578012461,44.54145057747803,0.42327789191012694,-0.07163860648870468,-0.000138266933002783,25,0.0,0.276551753282547,2.8809304237365723,-1.148831924812322,58,194.08607455267267,44.73479308580909,6.593864713596859,0.13259387880576995,0.015903154549523166,0.022491588114317274
89,275.05710160364754,44.12505998750719,0.4437800197362383,0.1068095713853836,0.15480585845318823,25,0.0,0.11243550479412079,1.3964135646820068,-0.3625351471863676,59,275.05845842483996,44.11258800096627,2.4877003463716822,0.13350360900325284,0.012781725426320473,0.009057620641869815
90,385.0492829700912,43.590173193324375,0.5064882063438323,0.23151133954524994,0.19625526092715703,25,0.0,0.18374629318714142,1.5939408540725708,-0.5061805052812263,60,385.2466275750843,43.55875475481903,4.86287281019279,0.11130109864665984,0.05995898612627979,0.05203129762898027
91,13.476910020542425,44.478491935753816,0.41681445541591106,0.037254996597766876,0.10722935262735586,25,0.0,1.9762333631515503,12.84964656829834,-2.7722279562210703,61,4.648038881802563,41.20917286917526,310.8682704208377,0.160319497238826,0.0198056011671938,0.018019222084606514
92,96.16739692162344,45.12490487232973,0.423019753294777,-0.0037696142680943012,-0.013339466038762154,25,0.0,1.7011997699737549,17.170360565185547,-3.0869485378187567,62,96.00056193498938,46.131941450606966,28.420048276714436,0.39372693308498086,0.023402304976627656,0.02479326443730769
95,73.21010994752432,48.24613493395712,0.3964985303542371,-0.030126895755529404,-0.6070851683449066,25,0.0,0.5105385184288025,2.9884073734283447,-1.188599498230535,63,73.01573803125511,48.16541193191269,17.116025853462325,0.4352210935991265,0.009824618156193267,0.007655496255144224
104,78.25803422151097,53.00534701279297,0.42915998498206676,-0.10619223862886429,-0.007692990076041051,25,0.0,0.9296008944511414,8.256603240966797,-2.2920035392726437,63,78.39051930199338,53.324364588952896,27.64584500985585,0.2341312923331311,0.008373772766810636,0.006476331784085343
96,407.4293312258119,47.78507832419052,0.43344304763694147,-0.20656289160251617,-0.12077972276707842,25,0.0,0.23892946541309357,2.3656883239746094,-0.9348938159725246,64,407.2149185629021,47.724098782005825,5.733826427065124,0.10659866238123708,0.01763995385986967,0.014773612599845044
98,353.25217026494687,48.77214245420704,0.4429048094089231,-0.22811359167099,-0.050837091958623834,25,0.0,0.13474194705486298,1.4298731088638306,-0.38824374652035265,65,353.2080446019186,48.80061522361965,2.8377058042888854,0.3439687227119868,0.08146971868225669,0.09370827839946144
100,89.46365496976118,50.66726840532798,0.38140309081340557,0.2791834771633148,0.0173466456319882,25,0.0,0.24583861231803894,1.5714712142944336,-0.490766075398659,66,88.53163824981148,51.41452814682837,8.995303373361878,0.2936344228875942,0.1359569225865448,0.16900024119203932
101,437.1443577432273,49.62981647985933,0.3851090305564675,-0.1599193662405014,-0.12596611947092712,25,0.0,0.3429132401943207,3.4687392711639404,-1.3504291429820112,67,437.0364294803855,49.651961102154516,8.175454332498557,0.2629886202572888,0.1328608783369869,0.15435387465210748
102,208.76452250766076,51.845484672396395,0.39828539458653234,-0.4764254689216614,0.25346370963460735,25,0.0,0.15705177187919617,1.2549142837524414,-0.24653515644573126,68,208.61506889866467,52.08987264112637,5.5363658324732645,0.8374643873929244,0.45899889316904674,0.5250293521269102
105,41.700139283230975,54.17106860627683,0.41656932112568634,-0.0931234359741211,-0.010736347123677475,25,0.0,2.9851818084716797,28.89577865600586,-3.6520860047885204,69,41.686037017319755,54.285854155642156,80.2886163001553,0.19271954469365954,0.01785764617415388,0.017699988856592436
106,111.301152481963,54.51769642945961,0.4650023966108979,0.00943220965564251,0.019320172903464924,25,0.0,0.4186488687992096,3.8324832916259766,-1.4587006753715066,70,111.37292438726585,54.510208275456606,11.749882877654683,0.1979366407639893,0.12059313595780798,0.12371516627828029
107,392.74092884049367,55.33179071430298,0.44014475215661086,-0.1461656540632248,0.1964764381812066,25,0.0,0.31758540868759155,2.9399988651275635,-1.1708679069241585,71,392.9726938131958,55.278579636073076,8.769212750624563,0.09249124195628727,0.047550818232283805,0.058964929504616716
109,267.14306349499515,57.16938640571544,0.4049033581573271,0.04602222517132759,0.05993730957447815,25,0.0,0.3075232207775116,3.2293739318847656,-1.2727958381172173,72,267.1163471321436,57.332334481240345,7.5323847132053,0.10022437592070073,0.048794670746447624,0.03603444159461028
111,384.590272550445,61.12099397090021,0.44218936181679613,-0.2534123361110687,-0.1801323695964134,25,0.0,0.4588591456413269,4.615706920623779,-1.6605955625459934,74,384.40734582441115,61.33338213425197,11.797077593633484,0.8634260877204426,0.15031573723766428,0.17792208462268042
113,82.36484402091799,62.8533235807689,0.4153971251523018,-0.1880432367324829,-0.27045924959138723,25,0.0,0.8585405945777893,6.969223976135254,-2.107961055128325,75,81.97050488663928,62.87950252342516,19.84951776256756,0.8242903010891838,0.05094122774118531,0.05647832848523567
115,88.25855508053921,64.24747249729491,0.42261241674936056,-0.09478382021188736,-0.05023796165562013,25,0.0,1.5788192749023438,14.280486106872559,-2.8868574776233547,75,88.12613913282563,64.23674196690648,38.34633898182025,0.8656660946492037,0.008219174508560344,0.006180013614783584
121,90.79052298023223,69.34335524442163,0.4267171067210249,-0.10941766947507858,0.15937293415311773,25,0.0,1.575711965560913,14.167875289916992,-2.8782618135064193,75,91.00499562091272,69.71733028957506,37.87802957015109,0.136949700878147,0.11230348422239889,0.12094631337150322
114,429.2328178941134,62.7612304650755,0.36708528418844194,0.30511021614074707,-0.45198854029987817,25,0.0,0.15107382833957672,1.2260160446166992,-0.2212403843526088,76,429.1464453611842,62.67743094212753,4.4154211299262665,0.07849715110146621,0.067494965468108,0.0637889563826128
116,370.45837218717116,64.50545520542252,0.4296687224059277,-0.023080546408891678,-0.3225129819525528,25,0.0,0.10510440915822983,1.0467846393585205,-0.04964335281515048,77,370.53947024013604,64.68611346033248,3.034254402946862,1.6062697629496592,0.035374091718874616,0.09473489924371158
119,45.58937672194896,68.47100484721078,0.4205794204676806,-0.13585583865642548,0.0035517433843631568,25,0.0,2.0412769317626953,19.508882522583008,-3.225580983817524,78,46.11304710015944,67.79507311304056,37.696067477440195,0.286856429413799,0.0292243502753961,0.03020389561248204
120,58.47380521034034,68.22146926030342,0.4834510964102586,-0.11916635930538177,-0.10133628211508469,25,0.0,0.38857927918434143,2.896817207336426,-1.154802728905382,78,59.256535759486646,68.37271657330334,10.701558305015844,0.23019669796545683,0.07625810014319073,0.07982936151727205
122,53.025389278208515,70.00459691383774,0.4124244965272132,-0.2727753520011902,-0.36139040187654237,25,0.0,0.39171552658081055,2.4415242671966553,-0.9691526131305549,78,53.6039859206595,70.35836383653974,10.485370253288275,0.13910655360770544,0.04174974902092764,0.0367034415829618
125,84.72147923857769,74.96176458407245,0.409718922254291,0.03455379232764244,0.008624462977669656,25,0.0,0.7182297110557556,6.656013011932373,-2.0580354057295445,79,84.88160158884331,75.39923490215624,17.80522134493474,0.23202511373303425,0.08645962783213239,0.08679177009048943
126,70.13055871808575,76.71907571571786,0.4345590121594687,-0.05385158956050873,-0.09447927652584871,25,0.0,0.4942725598812103,3.5398037433624268,-1.3724479604758577,80,69.07703868814444,77.53438777705138,12.564998174912667,0.18252863444150488,0.1101531885974954,0.11623563373821429
127,286.4887734531353,77.2592040482837,0.4140859702575009,0.02500724606215954,-0.06094948866008718,25,0.0,4.6998701095581055,46.066017150878906,-4.158451662378539,81,286.4147724675798,77.35384210324924,126.450774369752,0.18129820695212875,0.13935841586691478,0.13081834114430949
128,1.2568866768327034,75.67047825662951,0.23340431252125718,0.7218054533004761,1.8454566057461816,25,0.0,0.2585286796092987,2.268230676651001,-0.8892180493862554,82,5.042968200258648,74.50578688450008,11.596644140705875,0.16684617437058583,0.03189632357650131,0.03276552257667785
129,251.97455695548643,79.58018552582328,0.46861388588098274,-0.6438309550285339,-0.03211357861177545,25,0.0,0.14849261939525604,1.1357718706130981,-0.13822777103590522,83,260.06992815184515,85.6150044520441,23.21314369984448,0.5186695852313739,0.004573706806386991,0.0049303610352251755
131,42.46971475693385,81.55975818012936,0.5148254293639444,-0.6646764874458313,-0.8386678405000912,25,0.0,0.18885165452957153,1.018540859222412,-0.019946139007862015,84,42.538740710473895,82.08839522335741,8.653798573180367,0.13055386994140894,0.012417987080432286,0.016427963699968916
132,412.2057168513731,81.8619882824482,0.40498738379121024,-0.096134252846241,-0.07218178433970705,25,0.0,4.9232378005981445,47.8604850769043,-4.199942739932747,85,412.1514332859007,81.91483584372342,121.451882080518,0.1416450857812667,0.09102788530503785,0.09013940947616882
133,50.96713941725826,84.6000830634937,0.3859198280870277,-0.0476854145526886,-0.029962264170419552,25,0.0,0.5259994268417358,4.454132556915283,-1.6219078442058712,86,51.356097109799016,84.43258275921463,17.3188154039752,0.5665601094132113,0.2091749479960507,0.2584043109110967
134,76.69540160944264,84.948622112409,0.3928651020471649,-0.07049576193094254,0.005211208633157557,25,0.0,0.7657238841056824,6.992921829223633,-2.111646683704211,87,76.62119679924346,85.08881938893909,23.2820994501333,0.18127769870126056,0.08167779273090284,0.10719097573802132
135,259.7954623831172,85.52084009567315,0.41777680035656956,0.07828444987535477,0.013942071667628503,25,0.0,0.9252678155899048,9.175423622131348,-2.4065653110588077,88,261.7648938761053,85.68992803163266,-2.2863037269543858,0.2121018447345046,0.09028988547970383,0.11963218668166102
137,284.7435645625345,86.51263205140286,0.4815756029992086,0.28957685828208923,0.21634530113299932,25,0.0,0.15550938248634338,1.0786235332489014,-0.0821747285708957,90,284.9932723603094,87.52281415405429,3.9479734097913637,0.13077990148675156,0.07788713606720032,0.07129734503982611
138,44.077698835795346,92.56028054685304,0.36321879255815,-0.8842641115188599,0.4466897876410632,25,0.0,0.1904565691947937,1.123146891593933,-0.1260913987498487,91,44.05197161613072,92.84514336627645,7.363909680092996,0.16672786943335674,0.10943555630015422,0.09967920631785314
140,42.74822293117209,94.02177880128059,0.4622722645712935,0.02881060354411602,0.29519388963328413,25,0.0,0.1979527771472931,1.1008408069610596,-0.10431130002459175,91,36.05515526421571,101.20622879070517,19.19482376482004,0.4542082245841957,0.1502020273040055,0.13498604207260637
139,30.274998195517,93.22025647488272,0.42591783059811433,-0.04028335213661194,-0.1427827355907459,25,0.0,0.7142801284790039,6.337439060211182,-2.004784490639967,92,30.270763242726765,93.23453041855662,21.38803193595882,0.1949330550317072,0.20467458763297716,0.1961749041729203
141,57.362629687386345,95.9411092635371,0.43804812881410227,-0.39864662289619446,0.28351021525070474,25,0.0,0.25861048698425293,1.6074483394622803,-0.5153425609160228,93,58.44062715802802,105.74549735363472,107.74425378116926,0.369116208666199,0.12837307218905333,0.1298545408958762
142,96.39151874435176,97.47630926294102,0.4129582169273408,0.07644239813089371,-0.04661145136426586,25,0.0,1.5379445552825928,14.9791898727417,-2.938720814564835,94,96.32102815193166,97.49155066746927,40.65646868838523,0.23030958924653308,0.015683770862317266,0.019473939101953507
143,113.88336634733376,97.03358857386831,0.4087195086292543,-0.22325071692466736,0.12015498859915039,25,0.0,0.21239355206489563,2.012058734893799,-0.7591016356266693,95,114.25292666736026,97.21542770717866,6.61764031513394,0.17768730707930025,0.01683433254472873,0.017598814984820833
144,295.2951977176609,96.84846754837832,0.40447408607408386,-0.12539637088775635,-0.08782209705524427,25,0.0,1.6170984506607056,16.633697509765625,-3.0524719985143696,96,295.24335111581195,96.91919265255409,38.506540247747715,0.14360997544074008,0.04025851718209419,0.06462703972985624
145,13.282850713879274,99.27394897737409,0.4160054809111183,0.08527612686157227,-0.25081862273873085,25,0.0,0.2777046859264374,1.134663701057434,-0.1371679040058499,97,3.5611553199588433,103.27682693787436,112.18222170268054,0.1202773074566033,0.011444954809477475,0.0070717751750565576
146,270.46666030806995,99.961965869988,0.4090867954171999,-0.09120681881904602,-0.08823146101741206,25,0.0,6.252089977264404,61.46998977661133,-4.471657852227812,98,270.36995217727616,100.017228981529,159.69251409074488,0.1314245563280157,0.03843154223910159,0.026369098466454355
147,35.50527797178046,101.80216352419615,0.4537018055390524,0.4286153018474579,0.1570047609583229,25,0.0,0.7171907424926758,5.399120807647705,-1.8308076127639508,99,36.45785197274104,104.54159955960272,7.838024530067396,0.1343334148176807,0.04404095250869889,0.04967910875024649
156,31.4797326555822,107.09980311127872,0.3519728935498977,0.46922406554222107,0.039963655578854375,25,0.0,0.19528089463710785,1.1985639333724976,-0.19665301242466615,99,31.38784128089261,108.11082725067929,6.846460410788154,0.13291872157640974,0.0409939969922905,0.03025369557998794
148,438.81252545358336,100.91461967578638,0.4033700436205886,-0.42780905961990356,-0.11891457008242926,25,0.0,0.21273061633110046,2.463249444961548,-0.9787709840079455,100,438.8005249868815,100.91427540386246,4.798198364333596,0.10384675137340257,0.06789824578217761,0.06081520901430279
149,191.280595927191,101.92624593401152,0.41264001326250926,0.009060719981789589,0.07700844000853624,25,0.0,0.3938160538673401,4.196821689605713,-1.5573012943264606,101,191.2502332112358,101.94301783299632,9.141466427109224,0.1933204912897925,0.1298033605684993,0.12411108743313792
150,205.3288998463415,105.22827357728751,0.41584981147830274,-0.011785568669438362,-0.08109702879745155,25,0.0,0.4331566095352173,4.4192609786987305,-1.6133741237643,102,205.2719825626898,105.35735112769079,11.128404769078559,0.10126833995633747,0.0910790538299867,0.061356717482171384
151,58.512777437988476,106.3471858956802,0.4119037023732552,-0.16239461302757263,-0.05604738259499049,25,0.0,6.064714431762695,60.07998275756836,-4.446824498393493,103,58.574585143093756,107.48286090603798,56.96432780288673,0.1941802360782586,0.061040009058229636,0.060034826592372574
152,84.20490130162968,106.15751995710016,0.4420399636762006,-0.25744926929473877,-0.10024128452440034,25,0.0,0.18792115151882172,1.5225428342819214,-0.45642379912532666,104,84.33448207759582,106.26079408719636,6.497573127344991,0.13491487257568247,0.09191632519893868,0.09010191340040273
153,149.39287988907174,106.21915611299349,0.4066629915015181,-0.030150383710861206,-0.09041012713789187,25,0.0,1.3327183723449707,13.928288459777832,-2.8597443814866583,105,149.33257431744474,106.32093142177979,34.44466798980644,0.18607779525335635,0.06403504025116258,0.08019852866999408
154,342.802955802139,105.76754300358199,0.38834568851630236,0.052936065942049026,0.054008276125992634,25,0.0,0.7909054160118103,8.445243835449219,-2.316530483157541,106,342.69747640840893,105.88265942959642,20.169586921293046,0.24274171132969793,0.07633580811739357,0.08701897745195351
155,296.36210487257557,107.38210992759225,0.44927989039855704,0.00624466547742486,-0.04269009866193842,25,0.0,0.563984215259552,5.493899822235107,-1.8497018401835283,107,296.35075990035546,107.50714875254164,14.190256369761173,0.14416049651551396,0.025329878848995176,0.023064653666932437
157,136.8331789791342,107.88270682623525,0.42360008017636264,-0.030063819140195847,0.6473695991055778,25,0.0,0.12361212819814682,1.0601786375045776,-0.0634476224685384,108,137.19578468755185,107.49787302673336,3.630228838556054,0.20688235512424735,0.021256884802582296,0.013943605229201945
158,237.79014193306583,109.40910411259419,0.2762316176185641,-0.41981732845306396,0.646679341525212,25,0.0,0.1596003621816635,1.0828514099121094,-0.08642216584169246,109,237.76680536719894,108.08439922740635,3.806050523251977,0.17314852545257067,0.0188354842133172,0.020598246648924276
162,238.3892515596053,114.26607613911614,0.43732629046658617,0.06169203668832779,-0.05956824454959942,25,0.0,0.7484114766120911,7.2967071533203125,-2.157817291474769,109,238.3822922657382,114.36295708060933,19.596218288669466,0.10000416361507779,0.048281088035684955,0.07478862362478716
159,66.26491382580507,110.59346020275309,0.5826860460030273,-0.8439961671829224,-0.671998357676626,25,0.0,0.29166728258132935,1.362337589263916,-0.33571184931542886,110,67.73288542603973,111.20130394100674,5.690474967983973,0.09785670965673927,0.051844551806815235,0.06265651025923194
160,116.50879331933729,111.29584461582942,0.4172008541287475,-0.20011763274669647,-0.05448611532563416,25,0.0,0.7289742827415466,7.272210597991943,-2.1541661181301635,111,116.4387548222303,111.35691671011435,19.98209768689405,0.10063152827249851,0.03411374270786728,0.045010801761022484
161,229.17768978719477,112.5063396856429,0.4700248342541378,-0.3061804473400116,-0.4399228457371866,25,0.0,0.18048609793186188,1.6101728677749634,-0.5171812607171651,112,228.85642409823814,112.45764984352459,4.363413698190261,0.10674421148983165,0.06132917117671547,0.0617141798953577
163,105.46423942526395,115.74226774888241,0.38948536206041434,0.011642021127045155,-0.10934262986721312,25,0.0,0.5420403480529785,5.125967025756836,-1.7744395203355887,113,105.39723959695483,115.83000528732671,14.98199096364398,0.21971413473871915,0.005078578513798722,0.005171607647050789
164,1.266335210422956,117.872920791264,0.25457013322128763,0.7177495956420898,1.8359405670096205,25,0.0,0.13337837159633636,1.1804916858673096,-0.18015733178831622,114,1.3019918255474847,110.45379770887268,21.420462413308265,0.15807502220534297,0.03781401055632346,0.0416663074342968
165,31.388178532256553,120.86779581980913,0.4082059338580955,0.0705583393573761,0.18207321823951184,25,0.0,0.8083369135856628,6.974973201751709,-2.1088563584111433,115,31.40575960639126,120.52459910338739,21.560600166289415,0.1969626599081719,0.009742415784839593,0.011266488882524099
172,29.93253804755999,123.02708398378253,0.4131076331389516,0.23668470978736877,0.6102109573184896,25,0.0,0.5025280117988586,3.3652257919311523,-1.3175355219943274,115,29.465876863269816,124.93618725174709,12.28767377710596,0.16504952672251896,0.033646352006346525,0.035033384869453385
166,442.0109789705794,119.71214576218048,0.4293649385894821,-0.08395225554704666,-0.250657957526233,25,0.0,0.13653415441513062,1.436026692390442,-0.39290628125967947,116,441.8351393150847,119.74848043813185,3.164372731655253,0.14070284224273213,0.015047410574751199,0.018691330104091887
167,63.9105643991439,122.19403342783808,0.4086689102717976,-0.07260419428348541,-0.07098150229028069,25,0.0,0.4744444191455841,4.7340569496154785,-1.688083695217864,117,63.68884097727579,122.16078759900638,13.790058817375359,0.12494165680538899,0.05954355139049954,0.036958451231893084
168,244.91568750759015,121.5749977402188,0.43660611438863317,0.010667257010936737,0.05192219558367641,25,0.0,0.12994827330112457,1.3393234014511108,-0.317213642879434,118,244.74077149646783,122.12912158484293,3.248499189061227,0.16700301644520082,0.11622811993726963,0.07537119986816035
169,221.88852464871485,123.27944491063175,0.4373579526840637,-0.17174319922924042,0.011753635599784918,25,0.0,0.7438786029815674,7.121906757354736,-2.131490708577474,119,221.83785458719964,123.39561129903664,18.763378093329052,0.11050331870732615,0.01053107961502001,0.015745574294550917
170,277.2079764859268,123.40763021808877,0.45201708903426896,0.021241260692477226,-0.31912595620671436,25,0.0,0.12947164475917816,1.4777438640594482,-0.4239979118292448,120,277.2001102861514,123.57167442043735,2.8035952039794094,0.12855754337728398,0.010287239851509688,0.010070121736129612
171,80.12720420649154,123.6836918761913,0.4034615257780572,0.27738305926322937,0.14350843050489123,25,0.0,0.2052972912788391,1.939299464225769,-0.7191121936853463,121,80.36959903862979,123.44865918585654,6.467942779281662,0.16964407875159251,0.022800364471998107,0.02529817289619975
173,117.5127128531955,124.95179301465878,0.4400437501920052,-0.14155802130699158,-0.19753864734823107,25,0.0,0.5899745225906372,6.032090187072754,-1.9511695653502623,122,117.38459162774758,125.05397443185456,14.72668888293101,0.24464115838710335,0.16941750856774854,0.21889347909616005
174,195.12276434730688,127.19889562359923,0.467876440118539,-0.07894319295883179,-0.015560128457277321,25,0.0,0.13557212054729462,1.440832257270813,-0.39653355720133265,123,195.2061208616361,127.39259601248004,3.079068601084383,0.2321992460829265,0.2604160062130294,0.23388000833406555
175,13.289678829259236,128.41778038481337,0.4054661211239041,0.1923908293247223,0.1752092962615228,25,0.0,0.22068659961223602,1.9174984693527222,-0.7068375648616314,124,13.365976533382822,128.3671809939844,7.626292278916321,0.4044995553344672,0.1574535467751452,0.150550637377876
176,47.679808792463795,128.14019049303175,0.3977507906403577,-0.08611561357975006,-0.00647723271691409,25,0.0,0.4587778151035309,4.605559349060059,-1.658205957916366,125,47.4968141446905,128.25529839292977,13.49182277208449,0.09455597978535737,0.13544446036908656,0.11986773417360838
177,1.7417770062332676,128.71677588005173,0.38440855147533853,-0.09687645733356476,0.36595924922380735,25,0.0,0.39677271246910095,4.516193866729736,-1.6369314415489542,126,1.6041382813374259,128.54068458887446,11.873362339173894,0.17993760000078662,0.057058147318833366,0.05351281095612939
178,147.46527440892626,129.7176611389068,0.4238928964839533,-0.1992686241865158,-0.06329370118059287,25,0.0,0.5307380557060242,4.767047882080078,-1.695623785428431,127,147.24474457817269,129.57202691719115,11.645616867395677,0.25411077910022656,0.0080592558974462,0.007676618591883026
179,151.9803395502558,133.15016787237346,0.42792107133100177,-0.08363319933414459,-0.033097212467147995,25,0.0,0.8970474004745483,8.91878890991211,-2.375764712887733,127,152.11177218344073,133.2741619996873,20.684392767234073,0.10209669873356687,0.08947456152418401,0.05343723162124544
183,148.7870672398984,140.46117524360866,0.3969624801752289,-0.06303100287914276,-0.03368526692270637,25,0.0,0.18261165916919708,1.7963550090789795,-0.6359804233227455,127,148.87864496366353,140.64564719918465,3.925791385789852,0.14462427718911003,0.07687320050712369,0.07992711656863272
180,82.53519078656909,134.27897479379462,0.42458710007830636,-0.02536838687956333,-0.10475988549759624,25,0.0,0.691644549369812,6.914253234863281,-2.09936320388585,128,82.44159850345147,134.3797608852287,18.527377079677763,0.1134239900138542,0.024077000290685806,0.02219476765002084
181,8.391567019605752,140.5188372773294,0.4204648157171511,0.2598329186439514,-0.03983959235207959,25,0.0,0.15637752413749695,1.362952470779419,-0.3362017781814487,129,1.3772570818861143,147.518240503366,36.11915764604845,0.09442637918774636,0.07860703722950745,0.07533741359678917
182,130.75661388175382,140.20819119721452,0.41625183647578556,-0.08354584127664566,-0.03719387385380864,25,0.0,3.802137613296509,39.21428298950195,-3.9836106964878297,130,130.8346125109817,140.31032442109034,93.10940854617118,0.12695712167577858,0.09251346895364995,0.11701703713462354
184,217.13794753147093,141.17254352731678,0.41703464696432546,-0.06871064752340317,-0.04894491497691742,25,0.0,2.035607099533081,20.76103401184082,-3.2931224498261127,131,217.14125682727925,141.3064748378855,49.97619201393496,0.1254420113724584,0.0912965183920574,0.04457964337283386
185,388.0441194679876,140.7743319687046,0.44440363632906615,-0.03735905513167381,0.00325995479207882,25,0.0,0.6160159707069397,6.214984893798828,-1.9836001934466592,132,388.002948697983,140.76311605778398,14.332326375809213,0.11407876278141492,0.012287795190036756,0.016154891157533324
186,49.209080605243955,142.83452129535144,0.425463887631472,0.015841910615563393,-0.04333261606158625,25,0.0,0.3485076129436493,3.384000301361084,-1.3235759826073659,133,49.11833145892546,142.85225395993047,9.29861586049555,0.12056914235660236,0.06110725938461338,0.09570500916758318
187,113.88492661865517,143.96490480431493,0.49691026601830124,-0.3700743019580841,0.372368987007685,25,0.0,0.1263095736503601,1.1058831214904785,-0.10927307426169094,134,113.53264894136603,143.02288809898354,4.838044938460085,1.1017286828470778,0.0969433143318642,0.06856078976404549
188,357.58749177479865,144.49705885517278,0.516437603318395,0.12284491211175919,0.15592270179204218,25,0.0,0.14847353100776672,1.3613879680633545,-0.3349547699854223,135,357.52094968159906,144.5579606335065,4.089022403399874,0.41683012247017387,0.11386353319704272,0.11436108758988014
189,1.4183370876395611,147.54016665593622,0.37414202940610225,0.07989706099033356,0.5362516738960103,25,0.0,1.391321063041687,17.897607803344727,-3.1319874675007293,136,7.929381856372423,138.80962080814658,4.74737833076623,0.15787310654261633,0.03269390782405561,0.024429210027785676
190,312.6835437950545,147.78424387759793,0.40437083000416246,-0.02524382248520851,-0.07159126681613649,25,0.0,1.0683815479278564,10.62331771850586,-2.5656504260022786,137,312.6793495563732,147.8275432011132,26.862403605448108,0.13821255031927562,0.17070303125177927,0.07505779312266163
191,411.8312432272175,149.3563328911709,0.40967823521354063,-0.0457955040037632,0.01799909849713004,25,0.0,7.3041486740112305,72.73871612548828,-4.654414078181918,138,411.8363892428683,149.38477283630723,181.064199962268,0.11899511405507489,0.1473107608579202,0.1724206421794343
208,410.76756641813216,156.17683731112933,0.509868062274448,0.2633654475212097,0.5046632772665061,25,0.0,0.41544055938720703,3.2626311779022217,-1.283919955037336,138,410.9373754358696,157.5081814834201,4.975254544247945,0.13524085204959047,0.092133367472939,0.0917048686994049
192,201.67637959113412,149.81193151137785,0.427615969488741,0.0883428305387497,-0.19438503921873457,25,0.0,0.10667967796325684,1.1185184717178345,-0.1216079015663901,139,201.3892863629637,150.1532136550871,3.197371822888565,0.48566956934007277,0.16547696744411416,0.16189440288646406
193,321.28784941799523,150.86137741921362,0.3767974006596483,-0.14923450350761414,-0.1596449662033961,25,0.0,0.11453394591808319,1.301256775856018,-0.2859075099164953,140,321.80214859734843,151.4307579950401,2.366705474735889,0.14037766959013018,0.07675133676690561,0.08804249470911706
194,193.53110937544534,152.08588952853594,0.447364875864942,0.0072709317319095135,-0.11303287075706271,25,0.0,0.20150594413280487,2.0661983489990234,-0.7879300254625747,141,193.45086115292415,152.30941900581826,4.779913532103727,0.10430238049413505,0.026715118676669147,0.026229083216738603
201,187.16788317723234,154.28263705132835,0.3383310764710714,0.2986467778682709,-0.07446150538794691,25,0.0,0.14946094155311584,1.7676445245742798,-0.6184873307962763,141,186.7886787036273,154.28600743504745,3.9117201609935197,0.09220453764084974,0.019623588081416676,0.011681656831628466
195,270.1653835356915,151.57613961053667,0.2973125864867072,-0.04697854816913605,0.03632477870989866,25,0.0,0.14198996126651764,1.701602578163147,-0.5771453372783774,142,270.1942192690397,151.6132282772655,3.570530312230828,0.1722389184875074,0.04546871355165193,0.04877082296247698
196,359.91753495496334,152.47281831296362,0.41518566436410953,-0.1226099506020546,0.21279249088429433,25,0.0,0.19978763163089752,2.0529561042785645,-0.7809491587730406,143,359.9185172443109,152.66433359408677,4.867422929915437,0.8771609192659298,0.008461581234936667,0.004618089395802919
197,80.54153153175828,153.27890909356674,0.4376078904913265,-0.004739217925816774,-0.03160752128410225,25,0.0,0.8324551582336426,7.901113033294678,-2.244220687140401,144,80.342830156865,153.28054978981226,21.175005315874945,0.16598269989074554,0.022288695149082504,0.025901979915794994
203,88.21258416979188,155.03635655146533,0.4359970103943138,-0.13518290221691132,-0.1504708152362833,25,0.0,0.9750254154205322,9.634407043457031,-2.459562477115676,144,88.32539783329972,155.17939483050236,23.691059800065823,0.11170156523579945,0.04353247256339437,0.048884303203526505
209,78.58655514301996,159.5018214320782,0.47281991472496704,-0.24506564438343048,-0.00897267371515077,25,0.0,0.230772465467453,2.067472457885742,-0.7885993318759537,144,78.23793563881785,159.85045500922675,4.410359074336254,0.11146111909349903,0.029188184776441233,0.032212934128724086
211,87.78561409441552,162.6874091773209,0.509229709271123,-0.0019665411673486233,0.1600315999701867,25,0.0,0.3093733787536621,2.584660291671753,-1.0310086769430524,144,87.63773036198486,163.1443008464792,7.523756429707173,0.13997927546874753,0.02833769826576311,0.023956541581054286
198,163.7608054595212,152.75757203781825,0.39359142628756566,0.14944708347320557,0.01522103622852273,25,0.0,0.17926929891109467,1.990262508392334,-0.7472759051290762,145,163.95012201801606,152.64773334947571,4.300600108146315,0.4457141928288231,0.17222377633490912,0.13994656343250717
199,223.48342142406887,152.96533007782685,0.43623077854296416,0.017127390950918198,-0.09920887485892019,25,0.0,0.4321977198123932,3.932262897491455,-1.4866063638927995,146,223.52730356521988,152.9599991459979,11.68608231187511,0.09701389052835209,0.038693651643049255,0.044018029126342485
210,220.71677032693003,160.54965468765226,0.4136498252940863,0.07787757366895676,0.03857060000832822,25,0.0,1.2119725942611694,12.129659652709961,-2.7096215378169486,146,220.62782135103487,160.55018989184848,31.838050893112445,0.12209384045468985,0.07193358503930827,0.10715561653647447
200,239.0564359081239,152.57212138225503,0.40427270743249893,-0.002278835279867053,0.024817885793777434,25,0.0,9.081171035766602,88.89761352539062,-4.8722252560063675,147,239.07412020251746,152.71439176957603,223.81463626278497,0.11880422066009834,0.08488906078835794,0.07270676985725374
202,346.656372339426,153.88005003048207,0.4700304817132999,-0.1566714495420456,-0.21476749455949387,25,0.0,0.12384862452745438,1.2618217468261719,-0.2524950199217401,148,346.71177383814495,154.0186748362762,3.144730323104917,0.149666241673097,0.020740156314067247,0.011893764490398672
204,454.6977485749778,154.91730308564,0.45142758107069847,-0.18026699125766754,-0.2992146924515318,25,0.0,0.12410782277584076,1.2214653491973877,-0.21720287830266502,149,454.67648174464546,154.83348656128078,3.0591518456765203,0.14668365147325269,0.09912475290925109,0.09595680104162563
206,117.64393310723408,157.61347399670606,0.44218411772363964,-0.07365383952856064,-0.08177953968457712,25,0.0,0.59071946144104,5.340387344360352,-1.818931895107674,151,117.72853891970273,157.5450643536372,14.708572986025079,0.10780706605899047,0.1531026355175281,0.1816607324828124
207,112.71335053437606,158.32484736338628,0.403996638017808,-0.045963652431964874,-0.9549203272888754,25,0.0,0.2672879993915558,1.7851433753967285,-0.629182756502956,151,113.24261317802727,158.67362571414787,5.724009102427305,0.11554523014321029,0.12984564093674422,0.13039453601720533
212,35.84793175727465,164.17922043223942,0.41280470622925075,-0.042555615305900574,0.0179725380303516,25,0.0,0.2639274299144745,2.7335901260375977,-1.091833492711392,152,35.73741362065427,164.3492233850978,6.917642504306264,0.12361160010844781,0.06439173191924513,0.08112984361272634
213,22.718339254936115,165.5060913791049,0.24479661459420826,-0.29679399728775024,-0.1360159274611552,25,0.0,0.15354014933109283,1.422904133796692,-0.38293910269562237,153,22.411247169279502,165.48690357996546,5.530533892826529,0.10618043563091645,0.06275116546009553,0.09361604882207951
214,142.02704174612668,167.25529653598304,0.5284166715778927,-0.3784988224506378,-0.265569172315203,25,0.0,0.11398385465145111,1.1962165832519531,-0.1945245469476482,154,142.26629216325526,167.38881539210644,2.7070642031841325,0.11901935604243147,0.008771552929959028,0.008745237006257884
215,119.95218356038129,169.451185508906,0.26037878143414434,-0.2850140631198883,0.010674880801980298,25,0.0,0.09373007714748383,1.1503431797027588,-0.152068554834966,155,120.35942555594535,169.31960585557616,2.904567119035381,0.10893717038850008,0.029326333020652053,0.03134181369187878
216,94.34321013133459,173.42270823849313,0.44641478567744725,0.02339937724173069,-0.003688561213801134,25,0.0,0.4140245318412781,4.031181335449219,-1.5135808363734873,156,94.40420336624466,173.52245266489376,10.85426481872123,0.15553220724458494,0.3084919620652065,0.22849513660797274
217,214.18535976660405,173.38007280255582,0.4144719366995084,0.007040428463369608,-0.012223073037147963,25,0.0,6.436745643615723,63.779319763183594,-4.5116997074354614,157,214.17644517949506,173.3964701823753,158.28891340851868,0.13544432518009814,0.02314596666950206,0.02147221655439156
218,428.2878976548986,175.4716184013794,0.42220431355161464,0.11885439604520798,0.045201527150052795,25,0.0,0.6538555026054382,6.799221992492676,-2.0811480524648758,158,428.24430118860477,175.50892960048583,15.596561016047247,0.11457333514051264,0.06738663654557954,0.1033574138993593
219,301.84292417272445,176.3067132230706,0.4094794857589492,0.35500702261924744,0.03433607957513447,25,0.0,0.10300958156585693,1.1866220235824585,-0.18578101134265043,159,301.83908475096933,176.3804051458471,2.497725076362222,0.10947541376066244,0.08741485944002937,0.08182223104608403
220,82.73733554919664,177.72445412433973,0.4214163033699315,-0.12058205902576447,-0.20701812309063514,25,0.0,0.12041720747947693,1.1250431537628174,-0.1279229529665057,160,82.31074581152141,179.4775116233603,4.273707393990527,0.2181820711226859,0.014139138970998255,0.013277152052530605
221,129.11060481627055,178.4169887524666,0.51636017772904,0.10358280688524246,0.22777821517764024,25,0.0,0.17479579150676727,1.5508800745010376,-0.47644554063957756,161,129.43193200153604,178.14611783554443,4.2511329389356725,0.12269611840272687,0.027389791354904144,0.031156496422288908
226,129.8503225847773,183.72852835134984,0.47754676664358314,0.08105211704969406,-0.16115917421155743,25,0.0,0.13456715643405914,1.1186134815216064,-0.12170012284433021,161,129.39574863071434,184.0529429092658,3.70028085308252,0.13518807980586897,0.07191648864519988,0.06909027145768583
222,149.07404495429418,179.89688942061312,0.2879452365499237,0.05418238788843155,0.4489249611015882,25,0.0,0.09518860280513763,1.2464290857315063,-0.23916893704015643,162,149.2741300948392,179.55628912200442,2.6719336345752507,1.2938569249128904,0.8873562510362658,0.5057649353794665
223,174.31999888513613,181.18499924136168,0.3759516816987013,0.02710391953587532,-0.13273234217672697,25,0.0,0.14668229222297668,1.717767596244812,-0.5874110150129838,163,174.45390221456407,181.38454170931058,3.887751762509341,0.14381279884592735,0.10706782357283043,0.12114349971387933
224,278.7793045535941,181.14137529906733,0.482950896799347,0.13855911791324615,-0.12156642904726654,25,0.0,0.1597314327955246,1.4046225547790527,-0.3688990945902427,164,278.79188513309344,181.1828548379171,4.380941290903823,0.5388659070038604,0.017841219662627864,0.017036525816757585
225,73.36480203492891,183.7344344680175,0.3880716656779801,-0.05313568934798241,-0.030093626131228308,25,0.0,0.24494700133800507,2.4487178325653076,-0.9723468598922371,165,73.986179099629,183.74833319402345,7.098531584975868,0.28391518997294807,0.1360052721357185,0.1298039329593184
227,210.16056552416674,184.05305902223319,0.42465112629364815,0.8834786415100098,1.2251554524580919,25,0.0,0.08734787255525589,1.0034486055374146,-0.0037378344277419853,166,210.58429894956842,185.38674748643382,2.32080588064772,0.11627828000283358,0.016151441929178896,0.01593844531745601
228,81.133742900837,186.8372002345993,0.4605075124596375,-0.44901716709136963,-0.3483833047302035,25,0.0,0.2230139970779419,1.1898986101150513,-0.188774893095814,167,81.73026945727396,187.0800782941323,7.876743336665074,0.39171867193903603,0.07021102610002643,0.06997435056572236
229,371.5595762668396,186.58964746555316,0.4192350886750561,0.09985437989234924,-0.012733422369676776,25,0.0,1.249319076538086,12.49949836730957,-2.7422314603839677,168,371.5157047773152,186.64084633738392,32.014410213818124,0.21310609459286245,0.053219194012353255,0.05253194460695673
230,12.462777743299883,188.36091166303083,0.41805309625216097,0.020004671066999435,-0.05912802801230881,25,0.0,0.6944678425788879,6.985660076141357,-2.110518622360926,169,12.295716394653274,188.39701489502124,18.005518095630354,0.23048687207086063,0.00924811787738667,0.011189369640921924
231,299.6449557813978,188.41454354227525,0.46917345555851914,0.07398015260696411,-0.3531403140336966,25,0.0,0.2485285848379135,2.137212038040161,-0.8246190293017956,170,300.1902799493236,188.5194170016065,4.549234466237403,0.0977099122440108,0.06493154024845478,0.06632530231704636
234,292.9696140127348,188.76280754953808,0.42865474949269183,-0.005757379811257124,-0.04766176705942187,25,0.0,1.191662311553955,12.11057186126709,-2.7079116275374258,170,292.9435348577863,188.7376446030102,27.8578767043168,0.10142069496083236,0.08599991771100401,0.07498848260342063
232,55.0024745964014,189.4540252897921,0.44636247654511335,0.02903342992067337,-0.03778021471429009,25,0.0,0.28309646248817444,2.88494873046875,-1.1503452488659787,171,55.06402673310784,189.40491168259527,6.460563888251663,0.14891441119283536,0.031776482119349005,0.03755148119405389
233,155.89047084096663,188.9200811893893,0.4838848057008444,-0.16822713613510132,-0.06512052567794216,25,0.0,0.2011827677488327,2.0058469772338867,-0.7557444958413453,172,155.8186224117443,189.3991469386274,4.457076959336492,0.1590797996418289,0.010045172550921255,0.009125919805737202
235,424.841104270218,193.2913987427105,0.42101050850037836,-0.03619302436709404,0.04194154970368424,25,0.0,0.29547029733657837,2.9991214275360107,-1.192485124253153,173,424.8403597049173,193.29034702946532,7.383303823124516,0.22859317454343553,0.12907148569574886,0.11327762120400217
236,375.8061957525277,193.71699817365183,0.4773670519926059,-0.38234764337539673,-0.07272438965619733,25,0.0,0.18323075771331787,1.653364658355713,-0.5459216252259684,174,375.66034517538924,194.282724624132,3.688358938070557,0.14978097199748716,0.05498274776496015,0.06306638110896177
237,68.02010713857712,194.79867113402608,0.49054254491401017,-0.19849349558353424,-0.1709071355907786,25,0.0,0.11063094437122345,1.0115468502044678,-0.012465005246258666,175,68.41684615659176,194.45679793575667,3.16912896504469,0.10049057832456183,0.04465425884791875,0.044558728637381036
238,177.1669857146666,195.78437785246487,0.4131837798777738,-0.061421338468790054,-0.21000447144934387,25,0.0,0.11277550458908081,1.1953537464141846,-0.19374111756437634,176,177.05395773598084,195.65124929326362,2.3555399632131198,0.8833171262734337,0.16860106588711066,0.10105583394177078
239,401.7870135713953,198.48165244039663,0.4288704983538522,-0.012537280097603798,0.23888908074458579,25,0.0,0.28716543316841125,3.056687593460083,-1.2131276356036453,177,401.61787109525164,198.46133676415863,7.3958289310627325,0.2968338125684342,0.04220814642815568,0.059231166825048386
240,329.59059024763195,199.5238175192578,0.366067992742014,-0.04183509573340416,0.055230879276344284,25,0.0,0.1158909723162651,1.1275241374969482,-0.13031461954467516,178,329.5268916175007,199.28345822787801,3.689038025515517,0.16855780585319421,0.0667147284832886,0.07170448152135324
241,40.93904182462771,199.9031421919971,0.4158516161334891,-0.03795384615659714,-0.21246612806660473,25,0.0,0.1896316409111023,1.6299604177474976,-0.530442645116385,179,41.123856454226484,200.0813090609746,5.601575137457412,0.11350850922251711,0.063971623979744,0.034239792830889085
242,133.47811201088615,199.96372417136766,0.3949279623900938,-0.015138712711632252,-0.20387875217371423,25,0.0,0.2767842710018158,2.9801948070526123,-1.1856116340688034,180,133.61522874147423,200.17643243482982,7.567600396806484,0.21052116021762304,0.02632626407822517,0.07414289277254521
243,258.7583529107822,202.12006855601075,0.4589392502246257,0.1203952431678772,0.031125075357345475,25,0.0,0.6783738732337952,7.645224571228027,-2.2084756173115556,181,258.7313799717986,202.20945616057728,15.111663918589116,0.1937803620114832,0.044759437009767956,0.04463663968739964
244,447.04505889411223,201.59417315627263,0.41902481329889923,-0.06510905176401138,-0.02253555643646721,25,0.0,0.9614102244377136,9.537683486938477,-2.4486072651133344,182,446.9515792757172,201.69816350080865,23.37320821609274,0.09176557846467594,0.026851043118821735,0.03182031788482831
245,273.58182864591055,204.06188415037886,0.41578293379945613,-0.05901997536420822,-0.048140161655467216,25,0.0,0.8364761471748352,8.469712257385254,-2.319671640598758,183,273.64307244769725,204.17746944926736,21.900752119662414,0.12298254257961053,0.0665486594351528,0.06169608978144767
246,126.41607653773218,205.35018250593674,0.4395353062128058,-0.23167353868484497,-0.19539283122741682,25,0.0,0.11523965001106262,1.2133673429489136,-0.2099807549774232,184,126.17744430773179,205.48119775925073,2.526709383448297,0.09942767500752347,0.12549123362756787,0.16065691445047436
247,23.691535318859227,214.41349373404304,0.3827953773217981,-0.24084791541099548,-0.4528510180867503,25,0.0,0.15384361147880554,1.7059863805770874,-0.5799388993416158,185,23.499909361453142,214.64242494933237,4.166173968891042,0.3302607069021644,0.018121114190827396,0.023221273691768768
248,391.988262891326,214.51395660224085,0.4111227448336165,-0.050168897956609726,-0.18130207396116732,25,0.0,0.18249139189720154,1.9569087028503418,-0.7289264116498535,186,391.8211917198895,214.59169464449133,4.403584793493188,0.1343223031508216,0.051015416879289385,0.043507812590486056
249,285.60839288465684,215.42634079950776,0.5093144818310497,-0.1543087214231491,0.17903890903975786,25,0.0,0.14697891473770142,1.4539889097213745,-0.4064027349024952,187,285.3801246726694,215.4757732385067,3.4935084963617804,0.15874863080702556,0.09327510486799484,0.09635290276318434
250,61.85263419840031,217.61998355494418,0.4053890673278916,0.03941168636083603,0.01750299688905112,25,0.0,3.805819272994995,38.859703063964844,-3.973748694328076,188,61.84279413807217,217.6508842817522,91.4297021353872,0.11211867019519467,0.06781082369031219,0.041740977595661304
251,77.8522441933273,219.7867427156613,0.4125435398303671,0.4051184058189392,-0.09834805555065061,25,0.0,0.5430247187614441,3.5933196544647217,-1.38873963220951,189,76.72698485883777,219.02580359174107,10.441972690321313,0.09390827299866128,0.033810218973144415,0.04083707769697941
254,81.3003973573816,221.91935605203614,0.4222914676480769,-0.06161683797836304,-0.1278080496207054,25,0.0,1.5879789590835571,15.700053215026855,-2.9897528111111975,189,81.2775071675028,222.01936476952537,37.55468384191549,0.10869700280055052,0.04366741360879129,0.05703304153098511
252,121.26640605601139,221.23295518805807,0.42879482419046905,0.15463519096374512,-0.0355951381035871,25,0.0,0.2813858389854431,2.7253410816192627,-1.0885521569861214,190,121.19286777484052,221.3762812477339,7.1566976043635595,0.08747195238109448,0.07639927400366608,0.0979168268292103
253,351.60133502788165,220.66960507682433,0.41426679302751795,0.12585750222206116,-0.036200251086611235,25,0.0,0.8136698007583618,8.331184387207031,-2.301766866141307,191,351.50668884584127,220.65771195021395,20.738928519263943,0.1128913281145961,0.04109770560523855,0.057133103360290365
255,304.797651887195,222.22565010461668,0.4467145324603819,-0.22381795942783356,-0.4044342593241644,25,0.0,0.20335572957992554,1.8648148775100708,-0.6765893133291803,192,304.9887511765508,222.23442901616679,5.293624084529252,0.12362409301057131,0.14200320774110367,0.13529454800017843
256,143.93706221841637,226.01817597851743,0.4603967133004299,-0.7664687037467957,-0.6169581000686034,25,0.0,0.13687513768672943,1.1616793870925903,-0.1627157081966887,193,143.9684727186466,226.22322688638465,3.8317335612873173,0.2412520699692461,0.009366785439902629,0.012264796436765694
257,204.23546847542715,230.49024204973995,0.42189833185561154,0.10972342640161514,0.07777522444982585,25,0.0,0.6178655028343201,6.3231611251831055,-2.002335621339292,194,204.21556060383907,230.5402357909093,14.658328989779637,0.09706889847934158,0.09926030861434608,0.11622019247176141
258,438.2480200784581,229.70845140455106,0.4156960578775858,-0.1346556395292282,-0.03923732073753838,25,0.0,1.318698525428772,13.460434913635254,-2.822647730986694,195,438.17301258305855,229.7520012144053,31.5566693005168,0.11581691259830033,0.10385003015358221,0.11661002055253528
259,119.2745635514889,233.5869019459582,0.4765091642508533,-0.1870547980070114,0.03153847298674423,25,0.0,0.7224100828170776,7.714515686035156,-2.218271666087137,196,119.30631532195619,233.6497810581044,15.336523027307132,0.38341038589529447,0.004789466585872307,0.003511010388757415
260,148.64439545904014,238.8916412076708,0.4557934824151373,0.33584582805633545,-0.2494057761255959,25,0.0,0.11303401738405228,1.006616473197937,-0.007160083284194181,197,148.57085623072027,239.0646266952357,3.33568637612895,0.09356439193577354,0.08735988817080219,0.08153143203108491
261,183.61518655310317,240.17700563970476,0.413258208919281,-0.1667347550392151,-0.15465637527879444,25,0.0,0.08623894304037094,1.1012881994247437,-0.10475246418966322,198,183.6355120630902,240.36945962542825,2.2044249991673928,0.16284386913899768,0.011496054883897941,0.011373060802299438
262,76.46330967868496,242.0237509808408,0.4225049060384651,-0.07083723694086075,-0.09924579218156288,25,0.0,0.2409610003232956,2.5836517810821533,-1.030584950024672,199,76.58267895372269,242.32149722775975,6.40845459669388,0.21965368937324062,0.0795972120433179,0.08232973822540891
263,193.00733612815665,246.5756795893924,0.46393945175336343,-0.13404320180416107,-0.15173908413118603,25,0.0,0.2368415892124176,2.3578696250915527,-0.9312994693821135,200,192.77978244699898,246.66548486825664,5.592301891416597,0.12376909510491782,0.013291350518939319,0.014089689786368738
264,38.87888472975368,247.7518457650523,0.4047244511242817,-0.8398498296737671,-0.38457435807178,25,0.0,0.09636989235877991,1.0758888721466064,-0.07941853913932069,201,38.81343776441941,247.74988828065062,2.0936594830327313,0.27329437531971684,0.015051122435638312,0.01418928974522883
265,86.20047123608242,248.1569887098464,0.42680131662528625,-0.01090241502970457,0.012593606530249933,25,0.0,0.22848334908485413,2.024127960205078,-0.765594910061645,202,86.3651539533536,248.38800037838243,6.50489034554876,0.39065183903647854,0.1848456892839737,0.20021938723235205
266,161.42354359637267,249.2784386364596,0.4145963690424363,-0.02631113864481449,-0.05459983148319818,25,0.0,2.410684108734131,24.42925262451172,-3.469775451508965,203,161.32877560543412,249.37143079128595,62.29981669994842,0.12299294360728111,0.027656186165024344,0.024634226273807184
267,1.1914952706201316,249.84234576047692,0.40377066386052024,0.16469155251979828,0.4823923136120903,25,0.0,0.14812274277210236,2.1775617599487305,-0.8449262032573119,204,0.9799629575399458,249.58595575706278,2.9997892708144502,0.12047990765648978,0.01057128903416663,0.013441696677504474
268,264.1761087847227,250.16176816902987,0.42465767202348603,-0.09890487045049667,0.07140560913988088,25,0.0,0.16396957635879517,1.5032689571380615,-0.4425917231756665,205,264.08046354321857,250.17242777356992,4.471519703015026,0.16220338636402942,0.07078436373966934,0.10841350327219458
269,71.43157950253301,251.21141715099915,0.4239088511651877,-0.16847528517246246,-0.15511530833769047,25,0.0,0.4359263479709625,4.547592639923096,-1.6444538873143963,206,71.45190137408657,251.33573947212005,11.278096740755027,0.10075916717330595,0.06883265848642144,0.08854028353479647
270,242.81263137126302,250.70575130390753,0.4314763720897021,0.3605494499206543,0.39729853299424805,25,0.0,0.10871061682701111,1.2153282165527344,-0.21173395283616173,207,242.89305702855816,250.61789893230238,2.4462507176413513,0.10430992690110509,0.03144308449006051,0.03235021825891252
271,53.46153317756707,252.18494098059077,0.4508321354793114,0.02295697294175625,-0.18012900633009427,25,0.0,0.10428324341773987,1.1417005062103271,-0.14388048403315873,208,53.22886811591221,252.0781657058086,2.408685824347559,0.12344969173452713,0.0771671091104037,0.0917202872531791
272,222.5438768737359,252.15464305227118,0.3441870718170465,-0.1420857161283493,-0.5828672206723065,25,0.0,0.12618127465248108,1.198756456375122,-0.19682739812258243,209,222.96137721682118,252.30509644822408,3.08570008378605,0.11241976459475288,0.09151417147160038,0.14302448411225072
273,214.7054199878271,253.4847410066473,0.3987343846765542,-0.07430944591760635,0.07011041467563335,25,0.0,0.4699689447879791,4.710107326507568,-1.682577008150766,209,214.80261988436504,253.4094765826196,12.021102343575496,0.5641756948373479,0.006022605497564459,0.006987664597105601
276,258.88591451326863,263.2615343616601,0.38746136980039864,-0.14115680754184723,0.015537451969371698,25,0.0,0.2891562879085541,2.852591037750244,-1.138098783524643,212,259.14195522579365,263.2086698184156,8.35225703054798,0.5515249997984648,0.1171432040591304,0.06484007172112569
277,267.0832945138565,264.2572255278488,0.45535885342093513,0.1082778126001358,-0.06932931457237952,25,0.0,0.3564298152923584,3.476881265640259,-1.3529746498044122,213,267.1114233630572,264.3572755243632,7.963680464389267,0.08779320553254155,0.04065727587227201,0.04756107387605727
278,106.35659046955547,273.2270696454294,0.463328574383506,0.965067446231842,0.7934111794091421,25,0.0,0.0836138054728508,1.219778299331665,-0.215702256755827,214,104.97646485319083,273.26283722433186,2.1131072216686286,0.4543011098981495,0.1472020538600635,0.1584324514725698
279,55.65010782275077,278.5319370911886,0.47297357495724596,-0.32832735776901245,-0.2640958704149577,25,0.0,0.07809759676456451,1.0260710716247559,-0.027943608921577563,215,55.569215440856354,278.576433517161,1.6686883948531666,0.08240408690407476,0.04938602065534114,0.07541310493978531
280,301.7665477551177,278.6266528540813,0.5796474872772708,-0.26138022541999817,0.3477698825999382,25,0.0,0.1521596908569336,1.093686580657959,-0.09723220857573209,216,301.77613617643783,279.0534435811527,4.449040478295103,0.0866108226840144,0.03681378430380451,0.04247527115955749
281,9.32177761647101,280.17839622795543,0.47630264443716663,-0.0034004608169198036,0.026042752420627004,25,0.0,0.25703945755958557,2.547290325164795,-1.0151961152863933,217,9.541045829587693,280.41841334644846,6.732870881364672,0.09018372668580125,0.04046964242661712,0.034667408285005676
282,33.15294093554735,280.71810433195515,0.36891293848147916,0.13624122738838196,0.01409238236459532,25,0.0,0.12640054523944855,1.1171495914459229,-0.12027832757335144,218,33.30046263020787,280.6250309156703,3.579499665787443,0.08970219656043855,0.06026978644927617,0.06730750045464895
283,388.68919375860105,283.56351554663553,0.3863559947697385,0.2229640632867813,0.1707709048431309,25,0.0,0.256442666053772,2.4929728507995605,-0.991793872340319,219,388.8573199649972,283.40014103546804,6.276177658320561,0.11250722257987117,0.07141700741372663,0.06781535633061068
286,383.0900115853759,286.5611265317705,0.4010349519859768,-0.1063181608915329,-0.1115598748016,25,0.0,0.425795316696167,4.288990497589111,-1.5808877101131964,219,383.04241214622414,286.6925737705078,9.958314245568753,0.09991629353458772,0.043981423286143496,0.05307392092069048
284,267.53779351998907,284.46653129139617,0.39263493762297763,-0.08902490139007568,0.020988828379382436,25,0.0,0.295803964138031,2.9792683124542236,-1.1852740436795635,220,267.4178471122117,284.5662566057299,8.074354352261368,0.10409673447643977,0.11395068394838835,0.06698723698065157
285,160.9324354222981,286.19553007849294,0.40686100028011596,-0.03131594508886337,-0.005074401179456439,25,0.0,9.893633842468262,100.5173110961914,-5.005602156036282,221,160.92805475759482,286.31132234357074,240.01236549328885,0.20811862450402854,0.01423486367178014,0.013910849188259704
287,13.388828085618004,289.6340287863228,0.4500492564284005,-0.22854693233966827,-0.04057727762849119,25,0.0,0.6770001649856567,6.824036121368408,-2.0851032924932813,222,13.4956634519923,289.7638705245161,16.359589278027777,0.28957714187108985,0.027336914850791837,0.06007967699471025
288,39.03067694288992,291.52829840255885,0.3647897894159783,0.017556868493556976,-0.07726634045402414,25,0.0,0.216910719871521,2.3597872257232666,-0.9321821145649324,223,39.26709801290035,291.6623642450098,5.445858952815069,,,
289,75.7447375234655,293.3993872172366,0.42307262098139636,-0.14471213519573212,-0.06679933686028557,25,0.0,0.2620684504508972,2.6162266731262207,-1.0441884227383564,224,75.7195971697522,293.526158142414,6.679112924251559,,,
290,269.5549585022547,295.2009646283787,0.4615713510988008,-0.3000160753726959,-0.1396744526061899,25,0.0,0.45336467027664185,4.488624572753906,-1.6302832066430808,225,269.7412607936975,295.30216773196497,11.117473319909758,,,
291,153.99029049928,295.39854834847625,0.43322637832869604,0.06186610460281372,-0.11961318789797183,25,0.0,0.34287336468696594,3.369779109954834,-1.3190035841725467,226,153.98534625946542,295.53406886680557,6.6914396757256585,,,
292,322.6122531280625,301.5689894868961,0.3542691925130292,-0.34784749150276184,-0.007889208768866241,25,0.0,0.1968918889760971,2.058135509490967,-0.7836849142666278,227,322.4592517919468,301.6072203138341,5.51113433814082,,,
294,38.60385083765958,305.14346923828316,0.32377440097444554,0.07329673320055008,-0.3441280707729289,25,0.0,0.11112062633037567,1.3036327362060547,-0.28788814431695503,229,38.758470028926055,305.3249692109954,2.948631747258874,,,
295,115.01437239813548,308.48399938636294,0.42059034729852995,0.0022153863683342934,0.07484088023202,25,0.0,0.5947588682174683,6.100496768951416,-1.9634130036047979,230,115.0560607797989,308.3616080075001,14.18836166266567,,,
296,296.964831768805,307.87289406207185,0.515520567210456,0.014505939558148384,0.09207485617510706,25,0.0,0.17622676491737366,1.7472120523452759,-0.6058640420433419,231,296.96786739954183,308.09281660522413,4.076485807630024,,,
297,135.0128449899458,310.31392208566166,0.3849873888964879,-0.05313588306307793,-0.013165486244275678,25,0.0,1.6711786985397339,17.121475219726562,-3.0838529540340476,232,134.94855044512005,310.3603403754163,41.00235563283511,,,
298,76.2624683652982,312.55781417345906,0.6851275589496414,0.6726652979850769,0.7491372050489058,25,0.0,0.09602425992488861,1.0873417854309082,-0.09091519461140381,233,76.2431386507318,312.6390733690706,1.3937323165185171,,,
299,273.79092127395734,313.00243568865085,0.38392258941895546,-0.34229058027267456,-0.44830365143063644,25,0.0,0.09692644327878952,1.1096148490905762,-0.11293064980201359,234,273.75275182913686,313.0899285266916,2.5774373745447585,,,
300,8.26641241228248,316.68934351640144,0.4464319744562324,0.24891966581344604,0.27586696033366487,25,0.0,0.13583779335021973,1.1448662281036377,-0.14688686125215028,235,8.065319200756806,315.99646632517374,4.191123931001733,,,
301,221.93939639997154,319.411476669899,0.4822805661867986,0.14081810414791107,0.064537902091541,25,0.0,0.10940820723772049,1.3785768747329712,-0.34857747260690525,236,221.83421754175586,319.45905031692354,2.0147883653718965,,,
302,405.28841732062426,318.8021998796994,0.4217660765892168,-0.15644137561321259,-0.06090142275317163,25,0.0,1.584576964378357,16.018945693969727,-3.0115848226978272,237,405.2126745607163,318.8404179349896,36.99629542327344,,,
303,351.45790416981083,324.714018537015,0.4077095048868335,-0.246115043759346,-0.26135197117559306,25,0.0,0.32009053230285645,3.3143622875213623,-1.3009999467440647,238,351.3743357232222,324.7232399781479,7.9532514310652225,,,
304,52.083447840674374,325.99447564766143,0.43652556780257235,-0.13254837691783905,-0.4088164441610626,25,0.0,0.06584441661834717,1.0543171167373657,-0.05742814326131761,239,51.94648855039507,325.62581794110923,1.1356699088242432,,,
305,187.27056510025398,327.1106036475254,0.39258630467750166,0.0519571527838707,-0.020355080349222822,25,0.0,0.39641913771629333,4.43601655960083,-1.6174828967416337,240,187.19832313267628,327.3306141458068,9.727276816223403,,,
306,26.49585907251969,331.4520388327682,0.35181127166297405,0.5541296601295471,0.17972101292476164,25,0.0,0.0975327417254448,1.1639883518218994,-0.16487158574003297,241,26.139883912976117,331.5033486285517,2.327552082973732,,,
307,119.77505674833358,332.3986583635031,0.3199633539547071,-0.13024306297302246,0.06781910383689807,25,0.0,0.09008423238992691,1.048759937286377,-0.05169022228722493,242,119.36865195229818,332.3130056740605,2.7843321896379036,,,
308,139.63657445364476,334.25514661875496,0.4143245973610952,-0.09978143125772476,-0.03527832077504587,25,0.0,1.4630372524261475,14.945817947387695,-2.9362992197022764,243,139.57455178310744,334.3478116781364,38.27865915983467,,,
309,313.1962563640021,334.57306024843325,0.4542699429229908,0.1331760436296463,-0.460535226579703,25,0.0,0.23517277836799622,1.8435206413269043,-0.664120011573792,244,312.85518687408,334.39441324014575,5.437526814571288,,,
312,316.4004517662105,335.69903208171564,0.34816222477232833,0.5357475280761719,0.3155862881633203,25,0.0,0.1534082144498825,1.4339035749435425,-0.3912998687793443,244,316.75656499716484,336.32575876494644,3.4834755690767634,,,
310,435.3227425478194,335.8850766968611,0.3925574672901019,-0.5527980923652649,-0.25272887120786536,25,0.0,0.1381736397743225,1.736134648323059,-0.5989585111392159,245,434.9935391654027,336.2454338079187,3.4992647024793677,,,
311,157.3479905247308,337.0913783429407,0.3240318271163993,-0.3043644428253174,-0.23801438606247402,25,0.0,0.10154228657484055,1.258601188659668,-0.249720343930087,246,157.30319388263936,337.1711979700674,2.6088971834016115,,,
313,68.5692922506687,339.28387188360955,0.4134616244508275,-0.12908713519573212,-0.06886487678873521,25,0.0,2.6509249210357666,26.938068389892578,-3.5759161279025884,247,68.52229160315437,339.3945115973321,69.62795949554388,,,
314,82.8191081281358,339.73057162947254,0.4158840944016948,0.1543194204568863,-0.045304965962073646,25,0.0,0.23843084275722504,2.756013870239258,-1.1007034973063274,248,82.74851150188032,339.68279996100114,5.2149174241534535,,,
315,101.47165813088114,340.3951730853579,0.394962205053247,-0.18896278738975525,-0.06579867499137225,25,0.0,0.5941474437713623,6.109281539916992,-1.9649753490122837,249,101.50344363080463,340.4501246568425,15.895769098131298,,,
316,9.049287176546503,340.8883855722593,0.42066483419262796,-0.05706557258963585,0.0056955025400223305,25,0.0,0.5253930687904358,5.380686283111572,-1.8270941789244055,250,9.093646030613332,340.77456120113607,12.720547624771546,,,
317,403.11479361506406,342.01870284894767,0.4470399214559874,-0.029868828132748604,-0.23041488764136756,25,0.0,0.14136120676994324,1.6508861780166626,-0.5442928285789683,251,403.3057735559632,342.0677785925538,3.1092468286729233,,,
318,59.92950493336228,343.9325088604119,0.4259425910042461,0.01746908202767372,-0.028175091740741228,25,0.0,0.5294309258460999,5.914862632751465,-1.9298616574771694,252,59.762395737996975,343.97157395377815,11.46865283256005,,,
319,426.1842043218817,345.0284896045897,0.41857498688849876,-0.054986484348773956,-0.040605203717473594,25,0.0,2.0548136234283447,21.253952026367188,-3.3185992399261317,253,426.1744886189623,345.13498755351225,49.66939854386066,,,
320,412.2251715599297,345.63567769607766,0.44021756709071225,-0.05877618491649628,-0.012505721826446206,25,0.0,0.14194011688232422,1.4032511711120605,-0.3678385333530828,254,412.05081661551293,345.53684045878265,3.066942134749705,,,
321,243.86997806877778,347.00905300889093,0.510906962143156,0.057259321212768555,0.07882627811995539,25,0.0,0.1163201630115509,1.2549396753311157,-0.24655712470102661,255,243.73259024452003,347.3310974562675,2.4905453849784878,,,
322,15.48169339819288,349.9736273327406,0.4550957898693419,-0.04480964317917824,-0.11052319517351467,25,0.0,0.4473637640476227,5.046228885650635,-1.757417363135547,256,15.566372628502489,349.9584817731166,10.06509826758559,,,
323,40.96453458314131,353.64989982288097,0.41310109929474986,0.00043860822916030884,0.018510961563422402,25,0.0,1.4763144254684448,14.994399070739746,-2.9398226631529507,257,40.88581325322646,353.6519732295401,35.12178545142091,,,
324,152.8259322749017,353.4439443418359,0.39014402947933435,0.1908850073814392,-0.013352729383891992,25,0.0,0.13816307485103607,1.69003427028656,-0.5697387781694553,258,153.15345960563133,352.24369702736897,3.7170073661287892,,,
325,366.6759359999089,355.44611882256504,0.3666915262471067,-0.028120823204517365,-0.2147502457314662,25,0.0,0.18071088194847107,1.7621817588806152,-0.6151267533907061,259,366.8276936478799,355.6306357191507,5.059630836784018,,,
326,196.69869455317783,361.2772928024729,0.4256982965019104,-0.07568128407001495,-0.07606533778503376,25,0.0,0.17485764622688293,1.8898303508758545,-0.6910570488122356,260,196.70230561923017,361.43593156378904,4.40669372411959,,,
327,92.73251197647758,364.0785149480441,0.4606799639857409,0.015555927529931068,-0.020020870300532977,25,0.0,0.5264802575111389,5.7718915939331055,-1.9032954142489042,261,92.89750668676675,364.2855929993294,12.24251784444968,,,
329,326.1861342793225,370.40389316613215,0.4113607979883059,-0.20016734302043915,0.0038466571356570944,25,0.0,0.18919417262077332,1.9627553224563599,-0.7321654093029917,263,326.3389622282717,370.5215713035336,4.846983512497375,,,
330,413.71228374657795,370.31109788782175,0.5236125533713835,0.2679201662540436,0.06687780917131285,25,0.0,0.1880403608083725,1.7740265130996704,-0.6224002653554493,264,413.9500975812661,370.36191078013235,4.1500241668659585,,,
332,87.85499522855574,370.96255061217494,0.3836922539467737,0.12167172878980637,0.07643028625375786,25,0.0,0.5120595097541809,4.899942398071289,-1.725477436629026,266,87.83875830157135,370.97810986877323,13.675208755808049,,,
333,207.6304110562517,371.7762044369282,0.43965876754830696,0.043894875794649124,-0.19305116316869356,25,0.0,0.2930479347705841,2.820793390274048,-1.125928193277518,267,207.60291546027798,371.7562450599387,7.458289641798905,,,
334,25.018763155306083,373.11571386478306,0.4247166859008889,0.12876291573047638,0.016015998919042936,25,0.0,0.21884025633335114,2.4221348762512207,-0.9604958077738966,268,25.006021105825695,373.14118643122333,5.064321357083899,,,
335,334.1154374037602,374.0505634042572,0.31647219783061714,-0.3952522873878479,-0.2509452701876088,25,0.0,0.07798272371292114,1.093319058418274,-0.09686729666301781,269,334.09633176443924,373.89912427241717,1.7478196158358834,,,
336,377.11695226964866,373.95631072546905,0.40853358593911376,-0.03128001093864441,-0.03346822998973225,25,0.0,1.4055023193359375,14.536205291748047,-2.9061276194806447,270,377.1746782293372,374.0397518664841,34.231996518196105,,,
337,104.20238946080734,375.4314212914021,0.38546701706087466,-0.19366075098514557,-0.052462793187371015,25,0.0,0.25906258821487427,2.6897964477539062,-1.0742985392605733,271,103.913751093994,375.74116327321497,6.806671605018039,,,
338,306.3804133630478,377.51065531423006,0.4208203410541062,0.7967708110809326,0.4359755928693144,25,0.0,0.09518613666296005,1.0527255535125732,-0.05578791245976509,272,307.3069456738253,381.21704963674335,3.80198099224509,,,
339,49.571948611218076,377.67974993259435,0.41156590355658873,0.1727258712053299,-0.07561874154834736,25,0.0,0.4089382290840149,4.0845770835876465,-1.5278677410496309,273,49.521236111979384,377.66476707929735,10.130777167233171,,,
341,56.6405252605121,378.78121613693975,0.5226020280130919,0.31155306100845337,0.18502619415515337,25,0.0,0.1617760956287384,1.332767128944397,-0.3118856821441238,273,56.78983794295069,378.8081003899394,3.253301138690028,,,
345,54.697979573780515,385.96874676169995,0.39564276478397487,-0.12059284746646881,0.000682147143738353,25,0.0,0.19081060588359833,1.8559656143188477,-0.671424814338146,273,54.92358576789503,386.25577029797,4.670208910843308,,,
340,116.8905825299929,378.45694593756593,0.3753402633758792,-0.26673218607902527,0.09517758504394952,25,0.0,0.12822037935256958,1.0973902940750122,-0.10090278684282299,274,117.02432137114916,378.66802573058885,3.6618181016437794,,,
342,174.71750191850236,380.5405215292874,0.3227385737324534,0.026360245421528816,-0.28682757280898696,25,0.0,0.17481835186481476,1.902401328086853,-0.6982553511509416,275,174.7865513853299,380.613491571775,4.610425094296408,,,
343,366.2540688545856,382.33449442766704,0.29326754496792046,0.03320708125829697,0.2596638860947441,25,0.0,0.12060161679983139,1.444807529449463,-0.3995249906285752,276,366.2038140111005,382.43786054155873,3.278956991296979,,,
344,451.40994924827305,383.637980259554,0.3945121443140852,-0.15684087574481964,-0.04789056339290093,25,0.0,0.10384365916252136,1.2655794620513916,-0.2557235460925146,277,451.5506348370075,383.66289996301947,2.521674273626074,,,
346,283.07884957293163,388.3161515663531,0.4569033733159018,0.01738782785832882,0.09916630596521284,25,0.0,0.1512708216905594,1.4311734437942505,-0.3892306726562932,278,283.16038959035615,388.4497350096129,3.476071550530187,,,
347,43.59299847090531,392.08579578254603,0.5768467053452005,-0.2047179937362671,-0.16255173510171034,25,0.0,0.09498045593500137,1.1786426305770874,-0.17845536283275493,279,44.71250520801968,392.5638895518886,1.7686182234575178,,,
348,229.03899958961617,393.87018688283547,0.4160441294716628,-0.03421473503112793,-0.01864249566105833,25,0.0,2.492189884185791,25.508150100708008,-3.516697409736356,280,229.02653019318228,393.9083526409808,60.08388991345363,,,
349,179.18214416204216,396.06805770337684,0.5741833517431051,-0.3900390863418579,0.36438725745203004,25,0.0,0.12295227497816086,1.3749428987503052,-0.3457116558291761,281,179.11023541950036,396.1323905455656,2.1120126991071473,,,
350,8.905622875609042,396.89653677094816,0.41070407248594226,0.2529207468032837,-0.13791961330021812,25,0.0,0.1038220226764679,1.0490200519561768,-0.05195947446551431,282,8.699084647613349,397.0945345256869,2.7252530718507946,,,
351,399.9343822491457,399.32826991777614,0.4141979779424395,-0.040379397571086884,0.004146273312440051,25,0.0,6.550897598266602,65.66699981689453,-4.54336793691467,283,399.89578381834787,399.36638286375654,157.71343044368263,,,
352,279.31473665453814,400.1548515984777,0.27971503711541473,-0.47180575132369995,-0.32410721922069563,25,0.0,0.08344022929668427,1.0857136249542236,-0.08928821989273333,284,279.48465767995845,400.3776487902305,2.499798167748866,,,
353,304.9697483828115,400.0291155060124,0.42087324930747183,-0.04353243485093117,0.007943251246941934,25,0.0,1.567949652671814,16.01249885559082,-3.0111477792845722,285,304.9651825749619,400.06572323746036,38.40099396887791,,,
354,317.5958672941834,401.11288153142056,0.45951450629463003,-0.14864030480384827,-0.2077283354990613,25,0.0,0.19301891326904297,1.8563424348831177,-0.6716452312460686,286,317.71523397805123,401.41776109731046,4.960269232416064,,,
355,218.81322795343243,403.29470852971093,0.4335098116478403,-0.02860199473798275,0.03629937914735599,25,0.0,0.5991639494895935,6.057468414306641,-1.9557278956420614,287,218.8416926354142,403.39052948259814,14.243463772713186,,,
356,22.733416170672452,405.8852652506254,0.4145434888100677,0.011846194043755531,-0.035327278041336244,25,0.0,1.9952000379562378,20.574316024780273,-3.2833135159560713,288,22.72901984138862,405.87563778954495,48.363856612955836,,,
357,428.2297272719836,408.40407475369193,0.4283896605740781,-0.3047703206539154,-0.2727423674497842,25,0.0,0.16315819323062897,1.6251962184906006,-0.5272645078459768,289,428.59475735691336,408.5156030035733,4.518738718742097,,,
358,437.7606760995428,407.94038206888445,0.43051002854264814,0.013073315843939781,-0.0902200004117454,25,0.0,0.5587311387062073,5.894222259521484,-1.9260662705322227,290,437.7437144068964,407.89740175717486,13.0160479539644,,,
359,247.0851737718233,410.8441726121452,0.40338688886920676,0.020601993426680565,-0.015103090791575175,25,0.0,1.015371561050415,10.324822425842285,-2.534706477663712,291,247.08413009273514,410.88231417121983,24.85510950071726,,,
360,75.35463427109238,411.5390310839699,0.46264805330152153,-0.65047287940979,-0.2517434375262597,25,0.0,0.12115836143493652,1.2051447629928589,-0.20259804464826922,292,75.21767533182307,411.4838501693659,2.8718255166145137,,,
361,349.8404379527204,412.6235517813639,0.35322274127675396,-0.411133348941803,0.3412469245834031,25,0.0,0.09365475177764893,1.1427407264709473,-0.1448692640111938,293,349.8129398233096,412.60060780307435,2.270528341569641,,,
362,34.47794798567929,417.06594631966504,0.4571493760939081,-0.1528860181570053,-0.4051876572745814,25,0.0,0.15338724851608276,1.6907649040222168,-0.5702080610050632,294,34.24092483106319,417.0902109927456,3.3854318245212145,,,
363,9.98687493348023,423.0161336014132,0.4303715955225743,-0.05457588657736778,0.00684603732168975,25,0.0,0.37969905138015747,4.388576984405518,-1.605809302880127,295,10.031298220848488,423.11281228102115,8.258971658176623,,,
364,81.3346135177259,428.9220743919581,0.45087434720832803,-0.511326014995575,-0.19570471945370377,25,0.0,0.13104745745658875,1.3357716798782349,-0.31433057902595685,296,81.44468145029944,429.1490655644139,3.500536190401335,,,
365,129.31993066286722,431.00002536704676,0.42331743900904256,0.09433293342590332,0.05245913940561033,25,0.0,0.06999796628952026,1.0306559801101685,-0.03278431870843124,297,129.21207137414345,431.5059299448094,1.5782133837437933,,,
366,336.20642962917447,432.39301557291765,0.4128839666350125,0.03647039458155632,-0.00540291135579224,25,0.0,5.218917369842529,51.652992248535156,-4.282738712963695,298,336.1781219137696,432.40724948321554,127.42493510110047,,,
367,195.053432256419,434.3430261469307,0.4180509159212336,-0.08591485768556595,-0.02677178742298351,25,0.0,0.32954397797584534,3.4446752071380615,-1.3428706981218461,299,194.9463999085533,434.376036241853,7.670386962200807,,,
368,296.1661352463961,435.2990387639778,0.396054597430127,0.06050308048725128,0.21031010555171883,25,0.0,0.12885485589504242,1.3143095970153809,-0.29674419775875727,300,296.1205333929101,435.26072002272866,3.287393466738745,,,
370,159.56439976762903,436.7142119846007,0.35490352475355846,0.1331646591424942,0.1351416224605804,25,0.0,0.19239357113838196,2.1541152000427246,-0.8331723131025022,302,159.47837758036144,436.69643915613784,4.894424216369984,,,
371,311.3434842486957,436.5841536653619,0.3759053952776728,-0.15891171991825104,-0.09102861492861376,25,0.0,0.22990967333316803,2.3940038681030273,-0.947812119451714,303,311.36685076439824,436.58671838617,6.4222085480579585,,,
372,7.994891314443869,438.2481703419976,0.4523922048015668,0.2523113489151001,-0.12889516132868936,25,0.0,0.10525497049093246,1.1470930576324463,-0.14899662839946703,304,8.13902437986993,438.496897176607,2.2863785599010975,,,
373,431.0937610983516,438.86832686624024,0.36808351455016713,0.07081745564937592,0.018904618722162057,25,0.0,0.2416389137506485,2.908766984939575,-1.1592723306114794,305,431.1357960095132,438.85364620969995,5.528085267447856,,,
374,317.85998030339863,442.02717684131954,0.4387175961432828,-0.17500732839107513,-0.0983093179298792,25,0.0,0.2951793670654297,3.254439115524292,-1.2811903777888012,306,317.90329273844884,442.1521152912046,6.643442200217558,,,
375,336.1899240919948,450.10525920627657,0.5361373975857403,-0.28218358755111694,-0.11721191480550545,25,0.0,0.15116360783576965,1.496687889099121,-0.4378281111211152,307,336.18498986061456,450.1711910237827,3.3001504742950956,,,
376,153.62885475479405,450.8613514462789,0.40566017637690294,-0.2868812680244446,-0.3594028628804083,25,0.0,0.14756383001804352,1.7585866451263428,-0.612909426902863,308,153.36669925624534,450.7943002203938,3.2239503064430752,,,
377,35.85622726744446,452.7217533271611,0.4716371315078866,-0.003928113263100386,0.17069288861822,25,0.0,0.16996632516384125,1.7681076526641846,-0.6187717596319638,309,35.75004298329256,452.6268848396377,3.7851796111373934,,,
378,42.879193904948565,455.1050586790483,0.4518354069581303,-0.37955817580223083,-0.3006823925972483,25,0.0,0.11835022270679474,1.4155632257461548,-0.37732317944786775,309,42.90007523138145,455.292289052454,2.3138408611307435,,,
379,7.668570669160776,455.2889659270517,0.37485053422322234,0.05351529270410538,-0.3153612879005665,25,0.0,1.3009458780288696,16.031089782714844,-3.012407616012048,310,7.6307801841025125,455.38170714006566,36.15849864469044,,,
